fecha,producto,precio,fuente
2021-01-01,regular,21.11,Ministerio de Energía y Minas
2021-01-01,superior,21.91,Ministerio de Energía y Minas
2021-01-02,regular,21.11,Ministerio de Energía y Minas
2021-01-02,superior,21.91,Ministerio de Energía y Minas
2021-01-03,regular,21.11,Ministerio de Energía y Minas
2021-01-03,superior,21.91,Ministerio de Energía y Minas
2021-01-04,regular,21.11,Ministerio de Energía y Minas
2021-01-04,superior,21.91,Ministerio de Energía y Minas
2021-01-05,regular,21.11,Ministerio de Energía y Minas
2021-01-05,superior,21.91,Ministerio de Energía y Minas
2021-01-06,regular,21.11,Ministerio de Energía y Minas
2021-01-06,superior,21.91,Ministerio de Energía y Minas
2021-01-07,regular,21.11,Ministerio de Energía y Minas
2021-01-07,superior,21.91,Ministerio de Energía y Minas
2021-01-08,regular,21.11,Ministerio de Energía y Minas
2021-01-08,superior,21.91,Ministerio de Energía y Minas
2021-01-09,regular,21.11,Ministerio de Energía y Minas
2021-01-09,superior,21.91,Ministerio de Energía y Minas
2021-01-10,regular,21.11,Ministerio de Energía y Minas
2021-01-10,superior,21.91,Ministerio de Energía y Minas
2021-01-11,regular,21.59,Ministerio de Energía y Minas
2021-01-11,superior,22.39,Ministerio de Energía y Minas
2021-01-12,regular,21.59,Ministerio de Energía y Minas
2021-01-12,superior,22.39,Ministerio de Energía y Minas
2021-01-13,regular,21.59,Ministerio de Energía y Minas
2021-01-13,superior,22.39,Ministerio de Energía y Minas
2021-01-14,regular,21.59,Ministerio de Energía y Minas
2021-01-14,superior,22.39,Ministerio de Energía y Minas
2021-01-15,regular,21.59,Ministerio de Energía y Minas
2021-01-15,superior,22.39,Ministerio de Energía y Minas
2021-01-16,regular,21.59,Ministerio de Energía y Minas
2021-01-16,superior,22.39,Ministerio de Energía y Minas
2021-01-17,regular,21.59,Ministerio de Energía y Minas
2021-01-17,superior,22.39,Ministerio de Energía y Minas
2021-01-18,regular,22.41,Ministerio de Energía y Minas
2021-01-18,superior,23.21,Ministerio de Energía y Minas
2021-01-19,regular,22.41,Ministerio de Energía y Minas
2021-01-19,superior,23.21,Ministerio de Energía y Minas
2021-01-20,regular,22.41,Ministerio de Energía y Minas
2021-01-20,superior,23.21,Ministerio de Energía y Minas
2021-01-21,regular,22.41,Ministerio de Energía y Minas
2021-01-21,superior,23.21,Ministerio de Energía y Minas
2021-01-22,regular,22.41,Ministerio de Energía y Minas
2021-01-22,superior,23.21,Ministerio de Energía y Minas
2021-01-23,regular,22.41,Ministerio de Energía y Minas
2021-01-23,superior,23.21,Ministerio de Energía y Minas
2021-01-24,regular,22.41,Ministerio de Energía y Minas
2021-01-24,superior,23.21,Ministerio de Energía y Minas
2021-01-25,regular,22.64,Ministerio de Energía y Minas
2021-01-25,superior,23.44,Ministerio de Energía y Minas
2021-01-26,regular,22.64,Ministerio de Energía y Minas
2021-01-26,superior,23.44,Ministerio de Energía y Minas
2021-01-27,regular,22.64,Ministerio de Energía y Minas
2021-01-27,superior,23.44,Ministerio de Energía y Minas
2021-01-28,regular,22.64,Ministerio de Energía y Minas
2021-01-28,superior,23.44,Ministerio de Energía y Minas
2021-01-29,regular,22.64,Ministerio de Energía y Minas
2021-01-29,superior,23.44,Ministerio de Energía y Minas
2021-01-30,regular,22.64,Ministerio de Energía y Minas
2021-01-30,superior,23.44,Ministerio de Energía y Minas
2021-01-31,regular,22.64,Ministerio de Energía y Minas
2021-01-31,superior,23.44,Ministerio de Energía y Minas
2021-02-01,regular,22.77,Ministerio de Energía y Minas
2021-02-01,superior,23.57,Ministerio de Energía y Minas
2021-02-02,regular,22.77,Ministerio de Energía y Minas
2021-02-02,superior,23.57,Ministerio de Energía y Minas
2021-02-03,regular,22.77,Ministerio de Energía y Minas
2021-02-03,superior,23.57,Ministerio de Energía y Minas
2021-02-04,regular,22.77,Ministerio de Energía y Minas
2021-02-04,superior,23.57,Ministerio de Energía y Minas
2021-02-05,regular,22.77,Ministerio de Energía y Minas
2021-02-05,superior,23.57,Ministerio de Energía y Minas
2021-02-06,regular,22.77,Ministerio de Energía y Minas
2021-02-06,superior,23.57,Ministerio de Energía y Minas
2021-02-07,regular,22.77,Ministerio de Energía y Minas
2021-02-07,superior,23.57,Ministerio de Energía y Minas
2021-02-08,regular,23.18,Ministerio de Energía y Minas
2021-02-08,superior,23.98,Ministerio de Energía y Minas
2021-02-09,regular,23.18,Ministerio de Energía y Minas
2021-02-09,superior,23.98,Ministerio de Energía y Minas
2021-02-10,regular,23.18,Ministerio de Energía y Minas
2021-02-10,superior,23.98,Ministerio de Energía y Minas
2021-02-11,regular,23.18,Ministerio de Energía y Minas
2021-02-11,superior,23.98,Ministerio de Energía y Minas
2021-02-12,regular,23.18,Ministerio de Energía y Minas
2021-02-12,superior,23.98,Ministerio de Energía y Minas
2021-02-13,regular,23.18,Ministerio de Energía y Minas
2021-02-13,superior,23.98,Ministerio de Energía y Minas
2021-02-14,regular,23.18,Ministerio de Energía y Minas
2021-02-14,superior,23.98,Ministerio de Energía y Minas
2021-02-15,regular,23.59,Ministerio de Energía y Minas
2021-02-15,superior,24.39,Ministerio de Energía y Minas
2021-02-16,regular,23.59,Ministerio de Energía y Minas
2021-02-16,superior,24.39,Ministerio de Energía y Minas
2021-02-17,regular,23.59,Ministerio de Energía y Minas
2021-02-17,superior,24.39,Ministerio de Energía y Minas
2021-02-18,regular,23.59,Ministerio de Energía y Minas
2021-02-18,superior,24.39,Ministerio de Energía y Minas
2021-02-19,regular,23.59,Ministerio de Energía y Minas
2021-02-19,superior,24.39,Ministerio de Energía y Minas
2021-02-20,regular,23.59,Ministerio de Energía y Minas
2021-02-20,superior,24.39,Ministerio de Energía y Minas
2021-02-21,regular,23.59,Ministerio de Energía y Minas
2021-02-21,superior,24.39,Ministerio de Energía y Minas
2021-02-22,diésel,20.5,Ministerio de Energía y Minas
2021-02-22,regular,24.3,Ministerio de Energía y Minas
2021-02-22,superior,25.1,Ministerio de Energía y Minas
2021-02-23,diésel,20.5,Ministerio de Energía y Minas
2021-02-23,regular,24.3,Ministerio de Energía y Minas
2021-02-23,superior,25.1,Ministerio de Energía y Minas
2021-02-24,diésel,20.5,Ministerio de Energía y Minas
2021-02-24,regular,24.3,Ministerio de Energía y Minas
2021-02-24,superior,25.1,Ministerio de Energía y Minas
2021-02-25,diésel,20.5,Ministerio de Energía y Minas
2021-02-25,regular,24.3,Ministerio de Energía y Minas
2021-02-25,superior,25.1,Ministerio de Energía y Minas
2021-02-26,diésel,20.5,Ministerio de Energía y Minas
2021-02-26,regular,24.3,Ministerio de Energía y Minas
2021-02-26,superior,25.1,Ministerio de Energía y Minas
2021-02-27,diésel,20.5,Ministerio de Energía y Minas
2021-02-27,regular,24.3,Ministerio de Energía y Minas
2021-02-27,superior,25.1,Ministerio de Energía y Minas
2021-02-28,diésel,20.5,Ministerio de Energía y Minas
2021-02-28,regular,24.3,Ministerio de Energía y Minas
2021-02-28,superior,25.1,Ministerio de Energía y Minas
2021-03-01,diésel,20.86,Ministerio de Energía y Minas
2021-03-01,regular,25.05,Ministerio de Energía y Minas
2021-03-01,superior,25.85,Ministerio de Energía y Minas
2021-03-02,diésel,20.86,Ministerio de Energía y Minas
2021-03-02,regular,25.05,Ministerio de Energía y Minas
2021-03-02,superior,25.85,Ministerio de Energía y Minas
2021-03-03,diésel,20.86,Ministerio de Energía y Minas
2021-03-03,regular,25.05,Ministerio de Energía y Minas
2021-03-03,superior,25.85,Ministerio de Energía y Minas
2021-03-04,diésel,20.86,Ministerio de Energía y Minas
2021-03-04,regular,25.05,Ministerio de Energía y Minas
2021-03-04,superior,25.85,Ministerio de Energía y Minas
2021-03-05,diésel,20.86,Ministerio de Energía y Minas
2021-03-05,regular,25.05,Ministerio de Energía y Minas
2021-03-05,superior,25.85,Ministerio de Energía y Minas
2021-03-06,diésel,20.86,Ministerio de Energía y Minas
2021-03-06,regular,25.05,Ministerio de Energía y Minas
2021-03-06,superior,25.85,Ministerio de Energía y Minas
2021-03-07,diésel,20.86,Ministerio de Energía y Minas
2021-03-07,regular,25.05,Ministerio de Energía y Minas
2021-03-07,superior,25.85,Ministerio de Energía y Minas
2021-03-08,diésel,21.31,Ministerio de Energía y Minas
2021-03-08,regular,25.81,Ministerio de Energía y Minas
2021-03-08,superior,26.6,Ministerio de Energía y Minas
2021-03-09,diésel,21.31,Ministerio de Energía y Minas
2021-03-09,regular,25.81,Ministerio de Energía y Minas
2021-03-09,superior,26.6,Ministerio de Energía y Minas
2021-03-10,diésel,21.31,Ministerio de Energía y Minas
2021-03-10,regular,25.81,Ministerio de Energía y Minas
2021-03-10,superior,26.6,Ministerio de Energía y Minas
2021-03-11,diésel,21.31,Ministerio de Energía y Minas
2021-03-11,regular,25.81,Ministerio de Energía y Minas
2021-03-11,superior,26.6,Ministerio de Energía y Minas
2021-03-12,diésel,21.31,Ministerio de Energía y Minas
2021-03-12,regular,25.81,Ministerio de Energía y Minas
2021-03-12,superior,26.6,Ministerio de Energía y Minas
2021-03-13,diésel,21.31,Ministerio de Energía y Minas
2021-03-13,regular,25.81,Ministerio de Energía y Minas
2021-03-13,superior,26.6,Ministerio de Energía y Minas
2021-03-14,diésel,21.31,Ministerio de Energía y Minas
2021-03-14,regular,25.81,Ministerio de Energía y Minas
2021-03-14,superior,26.6,Ministerio de Energía y Minas
2021-03-15,diésel,21.68,Ministerio de Energía y Minas
2021-03-15,regular,26.47,Ministerio de Energía y Minas
2021-03-15,superior,27.27,Ministerio de Energía y Minas
2021-03-16,diésel,21.68,Ministerio de Energía y Minas
2021-03-16,regular,26.47,Ministerio de Energía y Minas
2021-03-16,superior,27.27,Ministerio de Energía y Minas
2021-03-17,diésel,21.68,Ministerio de Energía y Minas
2021-03-17,regular,26.47,Ministerio de Energía y Minas
2021-03-17,superior,27.27,Ministerio de Energía y Minas
2021-03-18,diésel,21.68,Ministerio de Energía y Minas
2021-03-18,regular,26.47,Ministerio de Energía y Minas
2021-03-18,superior,27.27,Ministerio de Energía y Minas
2021-03-19,diésel,21.68,Ministerio de Energía y Minas
2021-03-19,regular,26.47,Ministerio de Energía y Minas
2021-03-19,superior,27.27,Ministerio de Energía y Minas
2021-03-20,diésel,21.68,Ministerio de Energía y Minas
2021-03-20,regular,26.47,Ministerio de Energía y Minas
2021-03-20,superior,27.27,Ministerio de Energía y Minas
2021-03-21,diésel,21.68,Ministerio de Energía y Minas
2021-03-21,regular,26.47,Ministerio de Energía y Minas
2021-03-21,superior,27.27,Ministerio de Energía y Minas
2021-03-22,diésel,21.41,Ministerio de Energía y Minas
2021-03-22,regular,26.22,Ministerio de Energía y Minas
2021-03-22,superior,27.02,Ministerio de Energía y Minas
2021-03-23,diésel,21.41,Ministerio de Energía y Minas
2021-03-23,regular,26.22,Ministerio de Energía y Minas
2021-03-23,superior,27.02,Ministerio de Energía y Minas
2021-03-24,diésel,21.41,Ministerio de Energía y Minas
2021-03-24,regular,26.22,Ministerio de Energía y Minas
2021-03-24,superior,27.02,Ministerio de Energía y Minas
2021-03-25,diésel,21.41,Ministerio de Energía y Minas
2021-03-25,regular,26.22,Ministerio de Energía y Minas
2021-03-25,superior,27.02,Ministerio de Energía y Minas
2021-03-26,diésel,21.41,Ministerio de Energía y Minas
2021-03-26,regular,26.22,Ministerio de Energía y Minas
2021-03-26,superior,27.02,Ministerio de Energía y Minas
2021-03-27,diésel,21.41,Ministerio de Energía y Minas
2021-03-27,regular,26.22,Ministerio de Energía y Minas
2021-03-27,superior,27.02,Ministerio de Energía y Minas
2021-03-28,diésel,21.41,Ministerio de Energía y Minas
2021-03-28,regular,26.22,Ministerio de Energía y Minas
2021-03-28,superior,27.02,Ministerio de Energía y Minas
2021-03-29,diésel,20.8,Ministerio de Energía y Minas
2021-03-29,regular,25.56,Ministerio de Energía y Minas
2021-03-29,superior,26.35,Ministerio de Energía y Minas
2021-03-30,diésel,20.8,Ministerio de Energía y Minas
2021-03-30,regular,25.56,Ministerio de Energía y Minas
2021-03-30,superior,26.35,Ministerio de Energía y Minas
2021-03-31,diésel,20.8,Ministerio de Energía y Minas
2021-03-31,regular,25.56,Ministerio de Energía y Minas
2021-03-31,superior,26.35,Ministerio de Energía y Minas
2021-04-01,diésel,20.8,Ministerio de Energía y Minas
2021-04-01,regular,25.56,Ministerio de Energía y Minas
2021-04-01,superior,26.35,Ministerio de Energía y Minas
2021-04-02,diésel,20.8,Ministerio de Energía y Minas
2021-04-02,regular,25.56,Ministerio de Energía y Minas
2021-04-02,superior,26.35,Ministerio de Energía y Minas
2021-04-03,diésel,20.8,Ministerio de Energía y Minas
2021-04-03,regular,25.56,Ministerio de Energía y Minas
2021-04-03,superior,26.35,Ministerio de Energía y Minas
2021-04-04,diésel,20.8,Ministerio de Energía y Minas
2021-04-04,regular,25.56,Ministerio de Energía y Minas
2021-04-04,superior,26.35,Ministerio de Energía y Minas
2021-04-05,diésel,20.71,Ministerio de Energía y Minas
2021-04-05,regular,25.66,Ministerio de Energía y Minas
2021-04-05,superior,26.45,Ministerio de Energía y Minas
2021-04-06,diésel,20.71,Ministerio de Energía y Minas
2021-04-06,regular,25.66,Ministerio de Energía y Minas
2021-04-06,superior,26.45,Ministerio de Energía y Minas
2021-04-07,diésel,20.71,Ministerio de Energía y Minas
2021-04-07,regular,25.66,Ministerio de Energía y Minas
2021-04-07,superior,26.45,Ministerio de Energía y Minas
2021-04-08,diésel,20.71,Ministerio de Energía y Minas
2021-04-08,regular,25.66,Ministerio de Energía y Minas
2021-04-08,superior,26.45,Ministerio de Energía y Minas
2021-04-09,diésel,20.71,Ministerio de Energía y Minas
2021-04-09,regular,25.66,Ministerio de Energía y Minas
2021-04-09,superior,26.45,Ministerio de Energía y Minas
2021-04-10,diésel,20.71,Ministerio de Energía y Minas
2021-04-10,regular,25.66,Ministerio de Energía y Minas
2021-04-10,superior,26.45,Ministerio de Energía y Minas
2021-04-11,diésel,20.71,Ministerio de Energía y Minas
2021-04-11,regular,25.66,Ministerio de Energía y Minas
2021-04-11,superior,26.45,Ministerio de Energía y Minas
2021-04-12,diésel,20.43,Ministerio de Energía y Minas
2021-04-12,regular,26.17,Ministerio de Energía y Minas
2021-04-12,superior,26.97,Ministerio de Energía y Minas
2021-04-13,diésel,20.43,Ministerio de Energía y Minas
2021-04-13,regular,26.17,Ministerio de Energía y Minas
2021-04-13,superior,26.97,Ministerio de Energía y Minas
2021-04-14,diésel,20.43,Ministerio de Energía y Minas
2021-04-14,regular,26.17,Ministerio de Energía y Minas
2021-04-14,superior,26.97,Ministerio de Energía y Minas
2021-04-15,diésel,20.43,Ministerio de Energía y Minas
2021-04-15,regular,26.17,Ministerio de Energía y Minas
2021-04-15,superior,26.97,Ministerio de Energía y Minas
2021-04-16,diésel,20.43,Ministerio de Energía y Minas
2021-04-16,regular,26.17,Ministerio de Energía y Minas
2021-04-16,superior,26.97,Ministerio de Energía y Minas
2021-04-17,diésel,20.43,Ministerio de Energía y Minas
2021-04-17,regular,26.17,Ministerio de Energía y Minas
2021-04-17,superior,26.97,Ministerio de Energía y Minas
2021-04-18,diésel,20.43,Ministerio de Energía y Minas
2021-04-18,regular,26.17,Ministerio de Energía y Minas
2021-04-18,superior,26.97,Ministerio de Energía y Minas
2021-04-19,diésel,20.59,Ministerio de Energía y Minas
2021-04-19,regular,26.2,Ministerio de Energía y Minas
2021-04-19,superior,27.0,Ministerio de Energía y Minas
2021-04-20,diésel,20.59,Ministerio de Energía y Minas
2021-04-20,regular,26.2,Ministerio de Energía y Minas
2021-04-20,superior,27.0,Ministerio de Energía y Minas
2021-04-21,diésel,20.59,Ministerio de Energía y Minas
2021-04-21,regular,26.2,Ministerio de Energía y Minas
2021-04-21,superior,27.0,Ministerio de Energía y Minas
2021-04-22,diésel,20.59,Ministerio de Energía y Minas
2021-04-22,regular,26.2,Ministerio de Energía y Minas
2021-04-22,superior,27.0,Ministerio de Energía y Minas
2021-04-23,diésel,20.59,Ministerio de Energía y Minas
2021-04-23,regular,26.2,Ministerio de Energía y Minas
2021-04-23,superior,27.0,Ministerio de Energía y Minas
2021-04-24,diésel,20.59,Ministerio de Energía y Minas
2021-04-24,regular,26.2,Ministerio de Energía y Minas
2021-04-24,superior,27.0,Ministerio de Energía y Minas
2021-04-25,diésel,20.59,Ministerio de Energía y Minas
2021-04-25,regular,26.2,Ministerio de Energía y Minas
2021-04-25,superior,27.0,Ministerio de Energía y Minas
2021-04-26,diésel,20.87,Ministerio de Energía y Minas
2021-04-26,regular,26.49,Ministerio de Energía y Minas
2021-04-26,superior,27.27,Ministerio de Energía y Minas
2021-04-27,diésel,20.87,Ministerio de Energía y Minas
2021-04-27,regular,26.49,Ministerio de Energía y Minas
2021-04-27,superior,27.27,Ministerio de Energía y Minas
2021-04-28,diésel,20.87,Ministerio de Energía y Minas
2021-04-28,regular,26.49,Ministerio de Energía y Minas
2021-04-28,superior,27.27,Ministerio de Energía y Minas
2021-04-29,diésel,20.87,Ministerio de Energía y Minas
2021-04-29,regular,26.49,Ministerio de Energía y Minas
2021-04-29,superior,27.27,Ministerio de Energía y Minas
2021-04-30,diésel,20.87,Ministerio de Energía y Minas
2021-04-30,regular,26.49,Ministerio de Energía y Minas
2021-04-30,superior,27.27,Ministerio de Energía y Minas
2021-05-01,diésel,20.87,Ministerio de Energía y Minas
2021-05-01,regular,26.49,Ministerio de Energía y Minas
2021-05-01,superior,27.27,Ministerio de Energía y Minas
2021-05-02,diésel,20.87,Ministerio de Energía y Minas
2021-05-02,regular,26.49,Ministerio de Energía y Minas
2021-05-02,superior,27.27,Ministerio de Energía y Minas
2021-05-03,diésel,21.12,Ministerio de Energía y Minas
2021-05-03,regular,26.49,Ministerio de Energía y Minas
2021-05-03,superior,27.29,Ministerio de Energía y Minas
2021-05-04,diésel,21.12,Ministerio de Energía y Minas
2021-05-04,regular,26.49,Ministerio de Energía y Minas
2021-05-04,superior,27.29,Ministerio de Energía y Minas
2021-05-05,diésel,21.12,Ministerio de Energía y Minas
2021-05-05,regular,26.49,Ministerio de Energía y Minas
2021-05-05,superior,27.29,Ministerio de Energía y Minas
2021-05-06,diésel,21.12,Ministerio de Energía y Minas
2021-05-06,regular,26.49,Ministerio de Energía y Minas
2021-05-06,superior,27.29,Ministerio de Energía y Minas
2021-05-07,diésel,21.12,Ministerio de Energía y Minas
2021-05-07,regular,26.49,Ministerio de Energía y Minas
2021-05-07,superior,27.29,Ministerio de Energía y Minas
2021-05-08,diésel,21.12,Ministerio de Energía y Minas
2021-05-08,regular,26.49,Ministerio de Energía y Minas
2021-05-08,superior,27.29,Ministerio de Energía y Minas
2021-05-09,diésel,21.12,Ministerio de Energía y Minas
2021-05-09,regular,26.49,Ministerio de Energía y Minas
2021-05-09,superior,27.29,Ministerio de Energía y Minas
2021-05-10,diésel,21.79,Ministerio de Energía y Minas
2021-05-10,regular,27.09,Ministerio de Energía y Minas
2021-05-10,superior,27.89,Ministerio de Energía y Minas
2021-05-11,diésel,21.79,Ministerio de Energía y Minas
2021-05-11,regular,27.09,Ministerio de Energía y Minas
2021-05-11,superior,27.89,Ministerio de Energía y Minas
2021-05-12,diésel,21.79,Ministerio de Energía y Minas
2021-05-12,regular,27.09,Ministerio de Energía y Minas
2021-05-12,superior,27.89,Ministerio de Energía y Minas
2021-05-13,diésel,21.79,Ministerio de Energía y Minas
2021-05-13,regular,27.09,Ministerio de Energía y Minas
2021-05-13,superior,27.89,Ministerio de Energía y Minas
2021-05-14,diésel,21.79,Ministerio de Energía y Minas
2021-05-14,regular,27.09,Ministerio de Energía y Minas
2021-05-14,superior,27.89,Ministerio de Energía y Minas
2021-05-15,diésel,21.79,Ministerio de Energía y Minas
2021-05-15,regular,27.09,Ministerio de Energía y Minas
2021-05-15,superior,27.89,Ministerio de Energía y Minas
2021-05-16,diésel,21.79,Ministerio de Energía y Minas
2021-05-16,regular,27.09,Ministerio de Energía y Minas
2021-05-16,superior,27.89,Ministerio de Energía y Minas
2021-05-17,diésel,21.79,Ministerio de Energía y Minas
2021-05-17,regular,27.09,Ministerio de Energía y Minas
2021-05-17,superior,27.9,Ministerio de Energía y Minas
2021-05-18,diésel,21.79,Ministerio de Energía y Minas
2021-05-18,regular,27.09,Ministerio de Energía y Minas
2021-05-18,superior,27.9,Ministerio de Energía y Minas
2021-05-19,diésel,21.79,Ministerio de Energía y Minas
2021-05-19,regular,27.09,Ministerio de Energía y Minas
2021-05-19,superior,27.9,Ministerio de Energía y Minas
2021-05-20,diésel,21.79,Ministerio de Energía y Minas
2021-05-20,regular,27.09,Ministerio de Energía y Minas
2021-05-20,superior,27.9,Ministerio de Energía y Minas
2021-05-21,diésel,21.79,Ministerio de Energía y Minas
2021-05-21,regular,27.09,Ministerio de Energía y Minas
2021-05-21,superior,27.9,Ministerio de Energía y Minas
2021-05-22,diésel,21.79,Ministerio de Energía y Minas
2021-05-22,regular,27.09,Ministerio de Energía y Minas
2021-05-22,superior,27.9,Ministerio de Energía y Minas
2021-05-23,diésel,21.79,Ministerio de Energía y Minas
2021-05-23,regular,27.09,Ministerio de Energía y Minas
2021-05-23,superior,27.9,Ministerio de Energía y Minas
2021-05-24,diésel,21.78,Ministerio de Energía y Minas
2021-05-24,regular,27.08,Ministerio de Energía y Minas
2021-05-24,superior,27.88,Ministerio de Energía y Minas
2021-05-25,diésel,21.78,Ministerio de Energía y Minas
2021-05-25,regular,27.08,Ministerio de Energía y Minas
2021-05-25,superior,27.88,Ministerio de Energía y Minas
2021-05-26,diésel,21.78,Ministerio de Energía y Minas
2021-05-26,regular,27.08,Ministerio de Energía y Minas
2021-05-26,superior,27.88,Ministerio de Energía y Minas
2021-05-27,diésel,21.78,Ministerio de Energía y Minas
2021-05-27,regular,27.08,Ministerio de Energía y Minas
2021-05-27,superior,27.88,Ministerio de Energía y Minas
2021-05-28,diésel,21.78,Ministerio de Energía y Minas
2021-05-28,regular,27.08,Ministerio de Energía y Minas
2021-05-28,superior,27.88,Ministerio de Energía y Minas
2021-05-29,diésel,21.78,Ministerio de Energía y Minas
2021-05-29,regular,27.08,Ministerio de Energía y Minas
2021-05-29,superior,27.88,Ministerio de Energía y Minas
2021-05-30,diésel,21.78,Ministerio de Energía y Minas
2021-05-30,regular,27.08,Ministerio de Energía y Minas
2021-05-30,superior,27.88,Ministerio de Energía y Minas
2021-05-31,diésel,22.29,Ministerio de Energía y Minas
2021-05-31,regular,27.22,Ministerio de Energía y Minas
2021-05-31,superior,28.01,Ministerio de Energía y Minas
2021-06-01,diésel,22.29,Ministerio de Energía y Minas
2021-06-01,regular,27.22,Ministerio de Energía y Minas
2021-06-01,superior,28.01,Ministerio de Energía y Minas
2021-06-02,diésel,22.29,Ministerio de Energía y Minas
2021-06-02,regular,27.22,Ministerio de Energía y Minas
2021-06-02,superior,28.01,Ministerio de Energía y Minas
2021-06-03,diésel,22.29,Ministerio de Energía y Minas
2021-06-03,regular,27.22,Ministerio de Energía y Minas
2021-06-03,superior,28.01,Ministerio de Energía y Minas
2021-06-04,diésel,22.29,Ministerio de Energía y Minas
2021-06-04,regular,27.22,Ministerio de Energía y Minas
2021-06-04,superior,28.01,Ministerio de Energía y Minas
2021-06-05,diésel,22.29,Ministerio de Energía y Minas
2021-06-05,regular,27.22,Ministerio de Energía y Minas
2021-06-05,superior,28.01,Ministerio de Energía y Minas
2021-06-06,diésel,22.29,Ministerio de Energía y Minas
2021-06-06,regular,27.22,Ministerio de Energía y Minas
2021-06-06,superior,28.01,Ministerio de Energía y Minas
2021-06-07,diésel,22.58,Ministerio de Energía y Minas
2021-06-07,regular,27.2,Ministerio de Energía y Minas
2021-06-07,superior,27.99,Ministerio de Energía y Minas
2021-06-08,diésel,22.58,Ministerio de Energía y Minas
2021-06-08,regular,27.2,Ministerio de Energía y Minas
2021-06-08,superior,27.99,Ministerio de Energía y Minas
2021-06-09,diésel,22.58,Ministerio de Energía y Minas
2021-06-09,regular,27.2,Ministerio de Energía y Minas
2021-06-09,superior,27.99,Ministerio de Energía y Minas
2021-06-10,diésel,22.58,Ministerio de Energía y Minas
2021-06-10,regular,27.2,Ministerio de Energía y Minas
2021-06-10,superior,27.99,Ministerio de Energía y Minas
2021-06-11,diésel,22.58,Ministerio de Energía y Minas
2021-06-11,regular,27.2,Ministerio de Energía y Minas
2021-06-11,superior,27.99,Ministerio de Energía y Minas
2021-06-12,diésel,22.58,Ministerio de Energía y Minas
2021-06-12,regular,27.2,Ministerio de Energía y Minas
2021-06-12,superior,27.99,Ministerio de Energía y Minas
2021-06-13,diésel,22.58,Ministerio de Energía y Minas
2021-06-13,regular,27.2,Ministerio de Energía y Minas
2021-06-13,superior,27.99,Ministerio de Energía y Minas
2021-06-14,diésel,22.7,Ministerio de Energía y Minas
2021-06-14,regular,27.4,Ministerio de Energía y Minas
2021-06-14,superior,28.19,Ministerio de Energía y Minas
2021-06-15,diésel,22.7,Ministerio de Energía y Minas
2021-06-15,regular,27.4,Ministerio de Energía y Minas
2021-06-15,superior,28.19,Ministerio de Energía y Minas
2021-06-16,diésel,22.7,Ministerio de Energía y Minas
2021-06-16,regular,27.4,Ministerio de Energía y Minas
2021-06-16,superior,28.19,Ministerio de Energía y Minas
2021-06-17,diésel,22.7,Ministerio de Energía y Minas
2021-06-17,regular,27.4,Ministerio de Energía y Minas
2021-06-17,superior,28.19,Ministerio de Energía y Minas
2021-06-18,diésel,22.7,Ministerio de Energía y Minas
2021-06-18,regular,27.4,Ministerio de Energía y Minas
2021-06-18,superior,28.19,Ministerio de Energía y Minas
2021-06-19,diésel,22.7,Ministerio de Energía y Minas
2021-06-19,regular,27.4,Ministerio de Energía y Minas
2021-06-19,superior,28.19,Ministerio de Energía y Minas
2021-06-20,diésel,22.7,Ministerio de Energía y Minas
2021-06-20,regular,27.4,Ministerio de Energía y Minas
2021-06-20,superior,28.19,Ministerio de Energía y Minas
2021-06-21,diésel,21.88,Ministerio de Energía y Minas
2021-06-21,regular,26.86,Ministerio de Energía y Minas
2021-06-21,superior,27.68,Ministerio de Energía y Minas
2021-06-22,diésel,21.88,Ministerio de Energía y Minas
2021-06-22,regular,26.86,Ministerio de Energía y Minas
2021-06-22,superior,27.68,Ministerio de Energía y Minas
2021-06-23,diésel,21.88,Ministerio de Energía y Minas
2021-06-23,regular,26.86,Ministerio de Energía y Minas
2021-06-23,superior,27.68,Ministerio de Energía y Minas
2021-06-24,diésel,21.88,Ministerio de Energía y Minas
2021-06-24,regular,26.86,Ministerio de Energía y Minas
2021-06-24,superior,27.68,Ministerio de Energía y Minas
2021-06-25,diésel,21.88,Ministerio de Energía y Minas
2021-06-25,regular,26.86,Ministerio de Energía y Minas
2021-06-25,superior,27.68,Ministerio de Energía y Minas
2021-06-26,diésel,21.88,Ministerio de Energía y Minas
2021-06-26,regular,26.86,Ministerio de Energía y Minas
2021-06-26,superior,27.68,Ministerio de Energía y Minas
2021-06-27,diésel,21.88,Ministerio de Energía y Minas
2021-06-27,regular,26.86,Ministerio de Energía y Minas
2021-06-27,superior,27.68,Ministerio de Energía y Minas
2021-06-28,diésel,21.88,Ministerio de Energía y Minas
2021-06-28,regular,26.86,Ministerio de Energía y Minas
2021-06-28,superior,27.68,Ministerio de Energía y Minas
2021-06-29,diésel,21.81,Ministerio de Energía y Minas
2021-06-29,regular,26.8,Ministerio de Energía y Minas
2021-06-29,superior,27.6,Ministerio de Energía y Minas
2021-06-30,diésel,21.81,Ministerio de Energía y Minas
2021-06-30,regular,26.8,Ministerio de Energía y Minas
2021-06-30,superior,27.6,Ministerio de Energía y Minas
2021-07-01,diésel,21.81,Ministerio de Energía y Minas
2021-07-01,regular,26.8,Ministerio de Energía y Minas
2021-07-01,superior,27.6,Ministerio de Energía y Minas
2021-07-02,diésel,21.81,Ministerio de Energía y Minas
2021-07-02,regular,26.8,Ministerio de Energía y Minas
2021-07-02,superior,27.6,Ministerio de Energía y Minas
2021-07-03,diésel,21.81,Ministerio de Energía y Minas
2021-07-03,regular,26.8,Ministerio de Energía y Minas
2021-07-03,superior,27.6,Ministerio de Energía y Minas
2021-07-04,diésel,21.81,Ministerio de Energía y Minas
2021-07-04,regular,26.8,Ministerio de Energía y Minas
2021-07-04,superior,27.6,Ministerio de Energía y Minas
2021-07-05,diésel,22.97,Ministerio de Energía y Minas
2021-07-05,regular,27.98,Ministerio de Energía y Minas
2021-07-05,superior,28.78,Ministerio de Energía y Minas
2021-07-06,diésel,22.97,Ministerio de Energía y Minas
2021-07-06,regular,27.98,Ministerio de Energía y Minas
2021-07-06,superior,28.78,Ministerio de Energía y Minas
2021-07-07,diésel,22.97,Ministerio de Energía y Minas
2021-07-07,regular,27.98,Ministerio de Energía y Minas
2021-07-07,superior,28.78,Ministerio de Energía y Minas
2021-07-08,diésel,22.97,Ministerio de Energía y Minas
2021-07-08,regular,27.98,Ministerio de Energía y Minas
2021-07-08,superior,28.78,Ministerio de Energía y Minas
2021-07-09,diésel,22.97,Ministerio de Energía y Minas
2021-07-09,regular,27.98,Ministerio de Energía y Minas
2021-07-09,superior,28.78,Ministerio de Energía y Minas
2021-07-10,diésel,22.97,Ministerio de Energía y Minas
2021-07-10,regular,27.98,Ministerio de Energía y Minas
2021-07-10,superior,28.78,Ministerio de Energía y Minas
2021-07-11,diésel,22.97,Ministerio de Energía y Minas
2021-07-11,regular,27.98,Ministerio de Energía y Minas
2021-07-11,superior,28.78,Ministerio de Energía y Minas
2021-07-12,diésel,22.82,Ministerio de Energía y Minas
2021-07-12,regular,27.84,Ministerio de Energía y Minas
2021-07-12,superior,28.64,Ministerio de Energía y Minas
2021-07-13,diésel,22.82,Ministerio de Energía y Minas
2021-07-13,regular,27.84,Ministerio de Energía y Minas
2021-07-13,superior,28.64,Ministerio de Energía y Minas
2021-07-14,diésel,22.82,Ministerio de Energía y Minas
2021-07-14,regular,27.84,Ministerio de Energía y Minas
2021-07-14,superior,28.64,Ministerio de Energía y Minas
2021-07-15,diésel,22.82,Ministerio de Energía y Minas
2021-07-15,regular,27.84,Ministerio de Energía y Minas
2021-07-15,superior,28.64,Ministerio de Energía y Minas
2021-07-16,diésel,22.82,Ministerio de Energía y Minas
2021-07-16,regular,27.84,Ministerio de Energía y Minas
2021-07-16,superior,28.64,Ministerio de Energía y Minas
2021-07-17,diésel,22.82,Ministerio de Energía y Minas
2021-07-17,regular,27.84,Ministerio de Energía y Minas
2021-07-17,superior,28.64,Ministerio de Energía y Minas
2021-07-18,diésel,22.82,Ministerio de Energía y Minas
2021-07-18,regular,27.84,Ministerio de Energía y Minas
2021-07-18,superior,28.64,Ministerio de Energía y Minas
2021-07-19,diésel,22.55,Ministerio de Energía y Minas
2021-07-19,regular,27.54,Ministerio de Energía y Minas
2021-07-19,superior,28.34,Ministerio de Energía y Minas
2021-07-20,diésel,22.55,Ministerio de Energía y Minas
2021-07-20,regular,27.54,Ministerio de Energía y Minas
2021-07-20,superior,28.34,Ministerio de Energía y Minas
2021-07-21,diésel,22.55,Ministerio de Energía y Minas
2021-07-21,regular,27.54,Ministerio de Energía y Minas
2021-07-21,superior,28.34,Ministerio de Energía y Minas
2021-07-22,diésel,22.55,Ministerio de Energía y Minas
2021-07-22,regular,27.54,Ministerio de Energía y Minas
2021-07-22,superior,28.34,Ministerio de Energía y Minas
2021-07-23,diésel,22.55,Ministerio de Energía y Minas
2021-07-23,regular,27.54,Ministerio de Energía y Minas
2021-07-23,superior,28.34,Ministerio de Energía y Minas
2021-07-24,diésel,22.55,Ministerio de Energía y Minas
2021-07-24,regular,27.54,Ministerio de Energía y Minas
2021-07-24,superior,28.34,Ministerio de Energía y Minas
2021-07-25,diésel,22.55,Ministerio de Energía y Minas
2021-07-25,regular,27.54,Ministerio de Energía y Minas
2021-07-25,superior,28.34,Ministerio de Energía y Minas
2021-07-26,diésel,22.1,Ministerio de Energía y Minas
2021-07-26,regular,27.29,Ministerio de Energía y Minas
2021-07-26,superior,28.09,Ministerio de Energía y Minas
2021-07-27,diésel,22.1,Ministerio de Energía y Minas
2021-07-27,regular,27.29,Ministerio de Energía y Minas
2021-07-27,superior,28.09,Ministerio de Energía y Minas
2021-07-28,diésel,22.1,Ministerio de Energía y Minas
2021-07-28,regular,27.29,Ministerio de Energía y Minas
2021-07-28,superior,28.09,Ministerio de Energía y Minas
2021-07-29,diésel,22.1,Ministerio de Energía y Minas
2021-07-29,regular,27.29,Ministerio de Energía y Minas
2021-07-29,superior,28.09,Ministerio de Energía y Minas
2021-07-30,diésel,22.1,Ministerio de Energía y Minas
2021-07-30,regular,27.29,Ministerio de Energía y Minas
2021-07-30,superior,28.09,Ministerio de Energía y Minas
2021-07-31,diésel,22.1,Ministerio de Energía y Minas
2021-07-31,regular,27.29,Ministerio de Energía y Minas
2021-07-31,superior,28.09,Ministerio de Energía y Minas
2021-08-01,diésel,22.1,Ministerio de Energía y Minas
2021-08-01,regular,27.29,Ministerio de Energía y Minas
2021-08-01,superior,28.09,Ministerio de Energía y Minas
2021-08-02,diésel,23.1,Ministerio de Energía y Minas
2021-08-02,regular,28.28,Ministerio de Energía y Minas
2021-08-02,superior,29.1,Ministerio de Energía y Minas
2021-08-03,diésel,23.1,Ministerio de Energía y Minas
2021-08-03,regular,28.28,Ministerio de Energía y Minas
2021-08-03,superior,29.1,Ministerio de Energía y Minas
2021-08-04,diésel,23.1,Ministerio de Energía y Minas
2021-08-04,regular,28.28,Ministerio de Energía y Minas
2021-08-04,superior,29.1,Ministerio de Energía y Minas
2021-08-05,diésel,23.1,Ministerio de Energía y Minas
2021-08-05,regular,28.28,Ministerio de Energía y Minas
2021-08-05,superior,29.1,Ministerio de Energía y Minas
2021-08-06,diésel,23.1,Ministerio de Energía y Minas
2021-08-06,regular,28.28,Ministerio de Energía y Minas
2021-08-06,superior,29.1,Ministerio de Energía y Minas
2021-08-07,diésel,23.1,Ministerio de Energía y Minas
2021-08-07,regular,28.28,Ministerio de Energía y Minas
2021-08-07,superior,29.1,Ministerio de Energía y Minas
2021-08-08,diésel,23.1,Ministerio de Energía y Minas
2021-08-08,regular,28.28,Ministerio de Energía y Minas
2021-08-08,superior,29.1,Ministerio de Energía y Minas
2021-08-09,diésel,23.09,Ministerio de Energía y Minas
2021-08-09,regular,28.27,Ministerio de Energía y Minas
2021-08-09,superior,29.09,Ministerio de Energía y Minas
2021-08-10,diésel,23.09,Ministerio de Energía y Minas
2021-08-10,regular,28.27,Ministerio de Energía y Minas
2021-08-10,superior,29.09,Ministerio de Energía y Minas
2021-08-11,diésel,23.09,Ministerio de Energía y Minas
2021-08-11,regular,28.27,Ministerio de Energía y Minas
2021-08-11,superior,29.09,Ministerio de Energía y Minas
2021-08-12,diésel,23.09,Ministerio de Energía y Minas
2021-08-12,regular,28.27,Ministerio de Energía y Minas
2021-08-12,superior,29.09,Ministerio de Energía y Minas
2021-08-13,diésel,23.09,Ministerio de Energía y Minas
2021-08-13,regular,28.27,Ministerio de Energía y Minas
2021-08-13,superior,29.09,Ministerio de Energía y Minas
2021-08-14,diésel,23.09,Ministerio de Energía y Minas
2021-08-14,regular,28.27,Ministerio de Energía y Minas
2021-08-14,superior,29.09,Ministerio de Energía y Minas
2021-08-15,diésel,23.09,Ministerio de Energía y Minas
2021-08-15,regular,28.27,Ministerio de Energía y Minas
2021-08-15,superior,29.09,Ministerio de Energía y Minas
2021-08-16,diésel,23.09,Ministerio de Energía y Minas
2021-08-16,regular,28.27,Ministerio de Energía y Minas
2021-08-16,superior,29.09,Ministerio de Energía y Minas
2021-08-17,diésel,22.8,Ministerio de Energía y Minas
2021-08-17,regular,28.0,Ministerio de Energía y Minas
2021-08-17,superior,28.8,Ministerio de Energía y Minas
2021-08-18,diésel,22.8,Ministerio de Energía y Minas
2021-08-18,regular,28.0,Ministerio de Energía y Minas
2021-08-18,superior,28.8,Ministerio de Energía y Minas
2021-08-19,diésel,22.8,Ministerio de Energía y Minas
2021-08-19,regular,28.0,Ministerio de Energía y Minas
2021-08-19,superior,28.8,Ministerio de Energía y Minas
2021-08-20,diésel,22.8,Ministerio de Energía y Minas
2021-08-20,regular,28.0,Ministerio de Energía y Minas
2021-08-20,superior,28.8,Ministerio de Energía y Minas
2021-08-21,diésel,22.8,Ministerio de Energía y Minas
2021-08-21,regular,28.0,Ministerio de Energía y Minas
2021-08-21,superior,28.8,Ministerio de Energía y Minas
2021-08-22,diésel,22.8,Ministerio de Energía y Minas
2021-08-22,regular,28.0,Ministerio de Energía y Minas
2021-08-22,superior,28.8,Ministerio de Energía y Minas
2021-08-23,diésel,22.79,Ministerio de Energía y Minas
2021-08-23,regular,27.99,Ministerio de Energía y Minas
2021-08-23,superior,28.79,Ministerio de Energía y Minas
2021-08-24,diésel,22.79,Ministerio de Energía y Minas
2021-08-24,regular,27.99,Ministerio de Energía y Minas
2021-08-24,superior,28.79,Ministerio de Energía y Minas
2021-08-25,diésel,22.79,Ministerio de Energía y Minas
2021-08-25,regular,27.99,Ministerio de Energía y Minas
2021-08-25,superior,28.79,Ministerio de Energía y Minas
2021-08-26,diésel,22.79,Ministerio de Energía y Minas
2021-08-26,regular,27.99,Ministerio de Energía y Minas
2021-08-26,superior,28.79,Ministerio de Energía y Minas
2021-08-27,diésel,22.79,Ministerio de Energía y Minas
2021-08-27,regular,27.99,Ministerio de Energía y Minas
2021-08-27,superior,28.79,Ministerio de Energía y Minas
2021-08-28,diésel,22.79,Ministerio de Energía y Minas
2021-08-28,regular,27.99,Ministerio de Energía y Minas
2021-08-28,superior,28.79,Ministerio de Energía y Minas
2021-08-29,diésel,22.79,Ministerio de Energía y Minas
2021-08-29,regular,27.99,Ministerio de Energía y Minas
2021-08-29,superior,28.79,Ministerio de Energía y Minas
2021-08-30,diésel,22.79,Ministerio de Energía y Minas
2021-08-30,regular,27.99,Ministerio de Energía y Minas
2021-08-30,superior,28.79,Ministerio de Energía y Minas
2021-08-31,diésel,22.79,Ministerio de Energía y Minas
2021-08-31,regular,27.99,Ministerio de Energía y Minas
2021-08-31,superior,28.79,Ministerio de Energía y Minas
2021-09-01,diésel,22.79,Ministerio de Energía y Minas
2021-09-01,regular,27.99,Ministerio de Energía y Minas
2021-09-01,superior,28.79,Ministerio de Energía y Minas
2021-09-02,diésel,22.79,Ministerio de Energía y Minas
2021-09-02,regular,27.99,Ministerio de Energía y Minas
2021-09-02,superior,28.79,Ministerio de Energía y Minas
2021-09-03,diésel,22.79,Ministerio de Energía y Minas
2021-09-03,regular,27.99,Ministerio de Energía y Minas
2021-09-03,superior,28.79,Ministerio de Energía y Minas
2021-09-04,diésel,22.79,Ministerio de Energía y Minas
2021-09-04,regular,27.99,Ministerio de Energía y Minas
2021-09-04,superior,28.79,Ministerio de Energía y Minas
2021-09-05,diésel,22.79,Ministerio de Energía y Minas
2021-09-05,regular,27.99,Ministerio de Energía y Minas
2021-09-05,superior,28.79,Ministerio de Energía y Minas
2021-09-06,diésel,23.2,Ministerio de Energía y Minas
2021-09-06,regular,28.4,Ministerio de Energía y Minas
2021-09-06,superior,29.11,Ministerio de Energía y Minas
2021-09-07,diésel,23.2,Ministerio de Energía y Minas
2021-09-07,regular,28.4,Ministerio de Energía y Minas
2021-09-07,superior,29.11,Ministerio de Energía y Minas
2021-09-08,diésel,23.2,Ministerio de Energía y Minas
2021-09-08,regular,28.4,Ministerio de Energía y Minas
2021-09-08,superior,29.11,Ministerio de Energía y Minas
2021-09-09,diésel,23.2,Ministerio de Energía y Minas
2021-09-09,regular,28.4,Ministerio de Energía y Minas
2021-09-09,superior,29.11,Ministerio de Energía y Minas
2021-09-10,diésel,23.2,Ministerio de Energía y Minas
2021-09-10,regular,28.4,Ministerio de Energía y Minas
2021-09-10,superior,29.11,Ministerio de Energía y Minas
2021-09-11,diésel,23.2,Ministerio de Energía y Minas
2021-09-11,regular,28.4,Ministerio de Energía y Minas
2021-09-11,superior,29.11,Ministerio de Energía y Minas
2021-09-12,diésel,23.2,Ministerio de Energía y Minas
2021-09-12,regular,28.4,Ministerio de Energía y Minas
2021-09-12,superior,29.11,Ministerio de Energía y Minas
2021-09-13,diésel,23.47,Ministerio de Energía y Minas
2021-09-13,regular,28.4,Ministerio de Energía y Minas
2021-09-13,superior,29.08,Ministerio de Energía y Minas
2021-09-14,diésel,23.47,Ministerio de Energía y Minas
2021-09-14,regular,28.4,Ministerio de Energía y Minas
2021-09-14,superior,29.08,Ministerio de Energía y Minas
2021-09-15,diésel,23.47,Ministerio de Energía y Minas
2021-09-15,regular,28.4,Ministerio de Energía y Minas
2021-09-15,superior,29.08,Ministerio de Energía y Minas
2021-09-16,diésel,23.47,Ministerio de Energía y Minas
2021-09-16,regular,28.4,Ministerio de Energía y Minas
2021-09-16,superior,29.08,Ministerio de Energía y Minas
2021-09-17,diésel,23.47,Ministerio de Energía y Minas
2021-09-17,regular,28.4,Ministerio de Energía y Minas
2021-09-17,superior,29.08,Ministerio de Energía y Minas
2021-09-18,diésel,23.47,Ministerio de Energía y Minas
2021-09-18,regular,28.4,Ministerio de Energía y Minas
2021-09-18,superior,29.08,Ministerio de Energía y Minas
2021-09-19,diésel,23.47,Ministerio de Energía y Minas
2021-09-19,regular,28.4,Ministerio de Energía y Minas
2021-09-19,superior,29.08,Ministerio de Energía y Minas
2021-09-20,diésel,23.77,Ministerio de Energía y Minas
2021-09-20,regular,28.58,Ministerio de Energía y Minas
2021-09-20,superior,29.27,Ministerio de Energía y Minas
2021-09-21,diésel,23.77,Ministerio de Energía y Minas
2021-09-21,regular,28.58,Ministerio de Energía y Minas
2021-09-21,superior,29.27,Ministerio de Energía y Minas
2021-09-22,diésel,23.77,Ministerio de Energía y Minas
2021-09-22,regular,28.58,Ministerio de Energía y Minas
2021-09-22,superior,29.27,Ministerio de Energía y Minas
2021-09-23,diésel,23.77,Ministerio de Energía y Minas
2021-09-23,regular,28.58,Ministerio de Energía y Minas
2021-09-23,superior,29.27,Ministerio de Energía y Minas
2021-09-24,diésel,23.77,Ministerio de Energía y Minas
2021-09-24,regular,28.58,Ministerio de Energía y Minas
2021-09-24,superior,29.27,Ministerio de Energía y Minas
2021-09-25,diésel,23.77,Ministerio de Energía y Minas
2021-09-25,regular,28.58,Ministerio de Energía y Minas
2021-09-25,superior,29.27,Ministerio de Energía y Minas
2021-09-26,diésel,23.77,Ministerio de Energía y Minas
2021-09-26,regular,28.58,Ministerio de Energía y Minas
2021-09-26,superior,29.27,Ministerio de Energía y Minas
2021-09-27,diésel,23.79,Ministerio de Energía y Minas
2021-09-27,regular,28.59,Ministerio de Energía y Minas
2021-09-27,superior,29.29,Ministerio de Energía y Minas
2021-09-28,diésel,23.79,Ministerio de Energía y Minas
2021-09-28,regular,28.59,Ministerio de Energía y Minas
2021-09-28,superior,29.29,Ministerio de Energía y Minas
2021-09-29,diésel,23.79,Ministerio de Energía y Minas
2021-09-29,regular,28.59,Ministerio de Energía y Minas
2021-09-29,superior,29.29,Ministerio de Energía y Minas
2021-09-30,diésel,23.79,Ministerio de Energía y Minas
2021-09-30,regular,28.59,Ministerio de Energía y Minas
2021-09-30,superior,29.29,Ministerio de Energía y Minas
2021-10-01,diésel,23.79,Ministerio de Energía y Minas
2021-10-01,regular,28.59,Ministerio de Energía y Minas
2021-10-01,superior,29.29,Ministerio de Energía y Minas
2021-10-02,diésel,23.79,Ministerio de Energía y Minas
2021-10-02,regular,28.59,Ministerio de Energía y Minas
2021-10-02,superior,29.29,Ministerio de Energía y Minas
2021-10-03,diésel,23.79,Ministerio de Energía y Minas
2021-10-03,regular,28.59,Ministerio de Energía y Minas
2021-10-03,superior,29.29,Ministerio de Energía y Minas
2021-10-04,diésel,24.48,Ministerio de Energía y Minas
2021-10-04,regular,28.3,Ministerio de Energía y Minas
2021-10-04,superior,29.01,Ministerio de Energía y Minas
2021-10-05,diésel,24.48,Ministerio de Energía y Minas
2021-10-05,regular,28.3,Ministerio de Energía y Minas
2021-10-05,superior,29.01,Ministerio de Energía y Minas
2021-10-06,diésel,24.48,Ministerio de Energía y Minas
2021-10-06,regular,28.3,Ministerio de Energía y Minas
2021-10-06,superior,29.01,Ministerio de Energía y Minas
2021-10-07,diésel,24.48,Ministerio de Energía y Minas
2021-10-07,regular,28.3,Ministerio de Energía y Minas
2021-10-07,superior,29.01,Ministerio de Energía y Minas
2021-10-08,diésel,24.48,Ministerio de Energía y Minas
2021-10-08,regular,28.3,Ministerio de Energía y Minas
2021-10-08,superior,29.01,Ministerio de Energía y Minas
2021-10-09,diésel,24.48,Ministerio de Energía y Minas
2021-10-09,regular,28.3,Ministerio de Energía y Minas
2021-10-09,superior,29.01,Ministerio de Energía y Minas
2021-10-10,diésel,24.48,Ministerio de Energía y Minas
2021-10-10,regular,28.3,Ministerio de Energía y Minas
2021-10-10,superior,29.01,Ministerio de Energía y Minas
2021-10-11,diésel,25.41,Ministerio de Energía y Minas
2021-10-11,regular,29.28,Ministerio de Energía y Minas
2021-10-11,superior,29.98,Ministerio de Energía y Minas
2021-10-12,diésel,25.41,Ministerio de Energía y Minas
2021-10-12,regular,29.28,Ministerio de Energía y Minas
2021-10-12,superior,29.98,Ministerio de Energía y Minas
2021-10-13,diésel,25.41,Ministerio de Energía y Minas
2021-10-13,regular,29.28,Ministerio de Energía y Minas
2021-10-13,superior,29.98,Ministerio de Energía y Minas
2021-10-14,diésel,25.41,Ministerio de Energía y Minas
2021-10-14,regular,29.28,Ministerio de Energía y Minas
2021-10-14,superior,29.98,Ministerio de Energía y Minas
2021-10-15,diésel,25.41,Ministerio de Energía y Minas
2021-10-15,regular,29.28,Ministerio de Energía y Minas
2021-10-15,superior,29.98,Ministerio de Energía y Minas
2021-10-16,diésel,25.41,Ministerio de Energía y Minas
2021-10-16,regular,29.28,Ministerio de Energía y Minas
2021-10-16,superior,29.98,Ministerio de Energía y Minas
2021-10-17,diésel,25.41,Ministerio de Energía y Minas
2021-10-17,regular,29.28,Ministerio de Energía y Minas
2021-10-17,superior,29.98,Ministerio de Energía y Minas
2021-10-18,diésel,25.44,Ministerio de Energía y Minas
2021-10-18,regular,29.28,Ministerio de Energía y Minas
2021-10-18,superior,29.97,Ministerio de Energía y Minas
2021-10-19,diésel,25.44,Ministerio de Energía y Minas
2021-10-19,regular,29.28,Ministerio de Energía y Minas
2021-10-19,superior,29.97,Ministerio de Energía y Minas
2021-10-20,diésel,25.44,Ministerio de Energía y Minas
2021-10-20,regular,29.28,Ministerio de Energía y Minas
2021-10-20,superior,29.97,Ministerio de Energía y Minas
2021-10-21,diésel,25.44,Ministerio de Energía y Minas
2021-10-21,regular,29.28,Ministerio de Energía y Minas
2021-10-21,superior,29.97,Ministerio de Energía y Minas
2021-10-22,diésel,25.44,Ministerio de Energía y Minas
2021-10-22,regular,29.28,Ministerio de Energía y Minas
2021-10-22,superior,29.97,Ministerio de Energía y Minas
2021-10-23,diésel,25.44,Ministerio de Energía y Minas
2021-10-23,regular,29.28,Ministerio de Energía y Minas
2021-10-23,superior,29.97,Ministerio de Energía y Minas
2021-10-24,diésel,25.44,Ministerio de Energía y Minas
2021-10-24,regular,29.28,Ministerio de Energía y Minas
2021-10-24,superior,29.97,Ministerio de Energía y Minas
2021-10-25,diésel,26.49,Ministerio de Energía y Minas
2021-10-25,regular,30.28,Ministerio de Energía y Minas
2021-10-25,superior,30.98,Ministerio de Energía y Minas
2021-10-26,diésel,26.49,Ministerio de Energía y Minas
2021-10-26,regular,30.28,Ministerio de Energía y Minas
2021-10-26,superior,30.98,Ministerio de Energía y Minas
2021-10-27,diésel,26.49,Ministerio de Energía y Minas
2021-10-27,regular,30.28,Ministerio de Energía y Minas
2021-10-27,superior,30.98,Ministerio de Energía y Minas
2021-10-28,diésel,26.49,Ministerio de Energía y Minas
2021-10-28,regular,30.28,Ministerio de Energía y Minas
2021-10-28,superior,30.98,Ministerio de Energía y Minas
2021-10-29,diésel,26.49,Ministerio de Energía y Minas
2021-10-29,regular,30.28,Ministerio de Energía y Minas
2021-10-29,superior,30.98,Ministerio de Energía y Minas
2021-10-30,diésel,26.49,Ministerio de Energía y Minas
2021-10-30,regular,30.28,Ministerio de Energía y Minas
2021-10-30,superior,30.98,Ministerio de Energía y Minas
2021-10-31,diésel,26.49,Ministerio de Energía y Minas
2021-10-31,regular,30.28,Ministerio de Energía y Minas
2021-10-31,superior,30.98,Ministerio de Energía y Minas
2021-11-01,diésel,26.49,Ministerio de Energía y Minas
2021-11-01,regular,30.28,Ministerio de Energía y Minas
2021-11-01,superior,30.98,Ministerio de Energía y Minas
2021-11-02,diésel,26.48,Ministerio de Energía y Minas
2021-11-02,regular,30.28,Ministerio de Energía y Minas
2021-11-02,superior,30.98,Ministerio de Energía y Minas
2021-11-03,diésel,26.48,Ministerio de Energía y Minas
2021-11-03,regular,30.28,Ministerio de Energía y Minas
2021-11-03,superior,30.98,Ministerio de Energía y Minas
2021-11-04,diésel,26.48,Ministerio de Energía y Minas
2021-11-04,regular,30.28,Ministerio de Energía y Minas
2021-11-04,superior,30.98,Ministerio de Energía y Minas
2021-11-05,diésel,26.48,Ministerio de Energía y Minas
2021-11-05,regular,30.28,Ministerio de Energía y Minas
2021-11-05,superior,30.98,Ministerio de Energía y Minas
2021-11-06,diésel,26.48,Ministerio de Energía y Minas
2021-11-06,regular,30.28,Ministerio de Energía y Minas
2021-11-06,superior,30.98,Ministerio de Energía y Minas
2021-11-07,diésel,26.48,Ministerio de Energía y Minas
2021-11-07,regular,30.28,Ministerio de Energía y Minas
2021-11-07,superior,30.98,Ministerio de Energía y Minas
2021-11-08,diésel,26.49,Ministerio de Energía y Minas
2021-11-08,regular,30.3,Ministerio de Energía y Minas
2021-11-08,superior,30.99,Ministerio de Energía y Minas
2021-11-09,diésel,26.49,Ministerio de Energía y Minas
2021-11-09,regular,30.3,Ministerio de Energía y Minas
2021-11-09,superior,30.99,Ministerio de Energía y Minas
2021-11-10,diésel,26.49,Ministerio de Energía y Minas
2021-11-10,regular,30.3,Ministerio de Energía y Minas
2021-11-10,superior,30.99,Ministerio de Energía y Minas
2021-11-11,diésel,26.49,Ministerio de Energía y Minas
2021-11-11,regular,30.3,Ministerio de Energía y Minas
2021-11-11,superior,30.99,Ministerio de Energía y Minas
2021-11-12,diésel,26.49,Ministerio de Energía y Minas
2021-11-12,regular,30.3,Ministerio de Energía y Minas
2021-11-12,superior,30.99,Ministerio de Energía y Minas
2021-11-13,diésel,26.49,Ministerio de Energía y Minas
2021-11-13,regular,30.3,Ministerio de Energía y Minas
2021-11-13,superior,30.99,Ministerio de Energía y Minas
2021-11-14,diésel,26.49,Ministerio de Energía y Minas
2021-11-14,regular,30.3,Ministerio de Energía y Minas
2021-11-14,superior,30.99,Ministerio de Energía y Minas
2021-11-15,diésel,26.12,Ministerio de Energía y Minas
2021-11-15,regular,29.93,Ministerio de Energía y Minas
2021-11-15,superior,30.63,Ministerio de Energía y Minas
2021-11-16,diésel,26.12,Ministerio de Energía y Minas
2021-11-16,regular,29.93,Ministerio de Energía y Minas
2021-11-16,superior,30.63,Ministerio de Energía y Minas
2021-11-17,diésel,26.12,Ministerio de Energía y Minas
2021-11-17,regular,29.93,Ministerio de Energía y Minas
2021-11-17,superior,30.63,Ministerio de Energía y Minas
2021-11-18,diésel,26.12,Ministerio de Energía y Minas
2021-11-18,regular,29.93,Ministerio de Energía y Minas
2021-11-18,superior,30.63,Ministerio de Energía y Minas
2021-11-19,diésel,26.12,Ministerio de Energía y Minas
2021-11-19,regular,29.93,Ministerio de Energía y Minas
2021-11-19,superior,30.63,Ministerio de Energía y Minas
2021-11-20,diésel,26.12,Ministerio de Energía y Minas
2021-11-20,regular,29.93,Ministerio de Energía y Minas
2021-11-20,superior,30.63,Ministerio de Energía y Minas
2021-11-21,diésel,26.12,Ministerio de Energía y Minas
2021-11-21,regular,29.93,Ministerio de Energía y Minas
2021-11-21,superior,30.63,Ministerio de Energía y Minas
2021-11-22,diésel,25.7,Ministerio de Energía y Minas
2021-11-22,regular,29.32,Ministerio de Energía y Minas
2021-11-22,superior,30.01,Ministerio de Energía y Minas
2021-11-23,diésel,25.7,Ministerio de Energía y Minas
2021-11-23,regular,29.32,Ministerio de Energía y Minas
2021-11-23,superior,30.01,Ministerio de Energía y Minas
2021-11-24,diésel,25.7,Ministerio de Energía y Minas
2021-11-24,regular,29.32,Ministerio de Energía y Minas
2021-11-24,superior,30.01,Ministerio de Energía y Minas
2021-11-25,diésel,25.7,Ministerio de Energía y Minas
2021-11-25,regular,29.32,Ministerio de Energía y Minas
2021-11-25,superior,30.01,Ministerio de Energía y Minas
2021-11-26,diésel,25.7,Ministerio de Energía y Minas
2021-11-26,regular,29.32,Ministerio de Energía y Minas
2021-11-26,superior,30.01,Ministerio de Energía y Minas
2021-11-27,diésel,25.7,Ministerio de Energía y Minas
2021-11-27,regular,29.32,Ministerio de Energía y Minas
2021-11-27,superior,30.01,Ministerio de Energía y Minas
2021-11-28,diésel,25.7,Ministerio de Energía y Minas
2021-11-28,regular,29.32,Ministerio de Energía y Minas
2021-11-28,superior,30.01,Ministerio de Energía y Minas
2021-11-29,diésel,25.33,Ministerio de Energía y Minas
2021-11-29,regular,29.07,Ministerio de Energía y Minas
2021-11-29,superior,29.78,Ministerio de Energía y Minas
2021-11-30,diésel,25.33,Ministerio de Energía y Minas
2021-11-30,regular,29.07,Ministerio de Energía y Minas
2021-11-30,superior,29.78,Ministerio de Energía y Minas
2021-12-01,diésel,25.33,Ministerio de Energía y Minas
2021-12-01,regular,29.07,Ministerio de Energía y Minas
2021-12-01,superior,29.78,Ministerio de Energía y Minas
2021-12-02,diésel,25.33,Ministerio de Energía y Minas
2021-12-02,regular,29.07,Ministerio de Energía y Minas
2021-12-02,superior,29.78,Ministerio de Energía y Minas
2021-12-03,diésel,25.33,Ministerio de Energía y Minas
2021-12-03,regular,29.07,Ministerio de Energía y Minas
2021-12-03,superior,29.78,Ministerio de Energía y Minas
2021-12-04,diésel,25.33,Ministerio de Energía y Minas
2021-12-04,regular,29.07,Ministerio de Energía y Minas
2021-12-04,superior,29.78,Ministerio de Energía y Minas
2021-12-05,diésel,25.33,Ministerio de Energía y Minas
2021-12-05,regular,29.07,Ministerio de Energía y Minas
2021-12-05,superior,29.78,Ministerio de Energía y Minas
2021-12-06,diésel,24.36,Ministerio de Energía y Minas
2021-12-06,regular,28.1,Ministerio de Energía y Minas
2021-12-06,superior,28.82,Ministerio de Energía y Minas
2021-12-07,diésel,24.36,Ministerio de Energía y Minas
2021-12-07,regular,28.1,Ministerio de Energía y Minas
2021-12-07,superior,28.82,Ministerio de Energía y Minas
2021-12-08,diésel,24.36,Ministerio de Energía y Minas
2021-12-08,regular,28.1,Ministerio de Energía y Minas
2021-12-08,superior,28.82,Ministerio de Energía y Minas
2021-12-09,diésel,24.36,Ministerio de Energía y Minas
2021-12-09,regular,28.1,Ministerio de Energía y Minas
2021-12-09,superior,28.82,Ministerio de Energía y Minas
2021-12-10,diésel,24.36,Ministerio de Energía y Minas
2021-12-10,regular,28.1,Ministerio de Energía y Minas
2021-12-10,superior,28.82,Ministerio de Energía y Minas
2021-12-11,diésel,24.36,Ministerio de Energía y Minas
2021-12-11,regular,28.1,Ministerio de Energía y Minas
2021-12-11,superior,28.82,Ministerio de Energía y Minas
2021-12-12,diésel,24.36,Ministerio de Energía y Minas
2021-12-12,regular,28.1,Ministerio de Energía y Minas
2021-12-12,superior,28.82,Ministerio de Energía y Minas
2021-12-13,diésel,24.28,Ministerio de Energía y Minas
2021-12-13,regular,28.06,Ministerio de Energía y Minas
2021-12-13,superior,28.78,Ministerio de Energía y Minas
2021-12-14,diésel,24.28,Ministerio de Energía y Minas
2021-12-14,regular,28.06,Ministerio de Energía y Minas
2021-12-14,superior,28.78,Ministerio de Energía y Minas
2021-12-15,diésel,24.28,Ministerio de Energía y Minas
2021-12-15,regular,28.06,Ministerio de Energía y Minas
2021-12-15,superior,28.78,Ministerio de Energía y Minas
2021-12-16,diésel,24.28,Ministerio de Energía y Minas
2021-12-16,regular,28.06,Ministerio de Energía y Minas
2021-12-16,superior,28.78,Ministerio de Energía y Minas
2021-12-17,diésel,24.28,Ministerio de Energía y Minas
2021-12-17,regular,28.06,Ministerio de Energía y Minas
2021-12-17,superior,28.78,Ministerio de Energía y Minas
2021-12-18,diésel,24.28,Ministerio de Energía y Minas
2021-12-18,regular,28.06,Ministerio de Energía y Minas
2021-12-18,superior,28.78,Ministerio de Energía y Minas
2021-12-19,diésel,24.28,Ministerio de Energía y Minas
2021-12-19,regular,28.06,Ministerio de Energía y Minas
2021-12-19,superior,28.78,Ministerio de Energía y Minas
2021-12-20,diésel,24.28,Ministerio de Energía y Minas
2021-12-20,regular,28.06,Ministerio de Energía y Minas
2021-12-20,superior,28.78,Ministerio de Energía y Minas
2021-12-21,diésel,24.28,Ministerio de Energía y Minas
2021-12-21,regular,28.06,Ministerio de Energía y Minas
2021-12-21,superior,28.78,Ministerio de Energía y Minas
2021-12-22,diésel,24.28,Ministerio de Energía y Minas
2021-12-22,regular,28.06,Ministerio de Energía y Minas
2021-12-22,superior,28.78,Ministerio de Energía y Minas
2021-12-23,diésel,24.28,Ministerio de Energía y Minas
2021-12-23,regular,28.06,Ministerio de Energía y Minas
2021-12-23,superior,28.78,Ministerio de Energía y Minas
2021-12-24,diésel,24.28,Ministerio de Energía y Minas
2021-12-24,regular,28.06,Ministerio de Energía y Minas
2021-12-24,superior,28.78,Ministerio de Energía y Minas
2021-12-25,diésel,24.28,Ministerio de Energía y Minas
2021-12-25,regular,28.06,Ministerio de Energía y Minas
2021-12-25,superior,28.78,Ministerio de Energía y Minas
2021-12-26,diésel,24.28,Ministerio de Energía y Minas
2021-12-26,regular,28.06,Ministerio de Energía y Minas
2021-12-26,superior,28.78,Ministerio de Energía y Minas
2021-12-27,diésel,24.51,Ministerio de Energía y Minas
2021-12-27,regular,27.91,Ministerio de Energía y Minas
2021-12-27,superior,28.69,Ministerio de Energía y Minas
2021-12-28,diésel,24.51,Ministerio de Energía y Minas
2021-12-28,regular,27.91,Ministerio de Energía y Minas
2021-12-28,superior,28.69,Ministerio de Energía y Minas
2021-12-29,diésel,24.51,Ministerio de Energía y Minas
2021-12-29,regular,27.91,Ministerio de Energía y Minas
2021-12-29,superior,28.69,Ministerio de Energía y Minas
2021-12-30,diésel,24.51,Ministerio de Energía y Minas
2021-12-30,regular,27.91,Ministerio de Energía y Minas
2021-12-30,superior,28.69,Ministerio de Energía y Minas
2021-12-31,diésel,24.51,Ministerio de Energía y Minas
2021-12-31,regular,27.91,Ministerio de Energía y Minas
2021-12-31,superior,28.69,Ministerio de Energía y Minas
2022-01-01,diésel,24.51,Ministerio de Energía y Minas
2022-01-01,regular,27.91,Ministerio de Energía y Minas
2022-01-01,superior,28.69,Ministerio de Energía y Minas
2022-01-02,diésel,24.51,Ministerio de Energía y Minas
2022-01-02,regular,27.91,Ministerio de Energía y Minas
2022-01-02,superior,28.69,Ministerio de Energía y Minas
2022-01-03,diésel,24.6,Ministerio de Energía y Minas
2022-01-03,regular,27.99,Ministerio de Energía y Minas
2022-01-03,superior,28.79,Ministerio de Energía y Minas
2022-01-04,diésel,24.6,Ministerio de Energía y Minas
2022-01-04,regular,27.99,Ministerio de Energía y Minas
2022-01-04,superior,28.79,Ministerio de Energía y Minas
2022-01-05,diésel,24.6,Ministerio de Energía y Minas
2022-01-05,regular,27.99,Ministerio de Energía y Minas
2022-01-05,superior,28.79,Ministerio de Energía y Minas
2022-01-06,diésel,24.6,Ministerio de Energía y Minas
2022-01-06,regular,27.99,Ministerio de Energía y Minas
2022-01-06,superior,28.79,Ministerio de Energía y Minas
2022-01-07,diésel,24.6,Ministerio de Energía y Minas
2022-01-07,regular,27.99,Ministerio de Energía y Minas
2022-01-07,superior,28.79,Ministerio de Energía y Minas
2022-01-08,diésel,24.6,Ministerio de Energía y Minas
2022-01-08,regular,27.99,Ministerio de Energía y Minas
2022-01-08,superior,28.79,Ministerio de Energía y Minas
2022-01-09,diésel,24.6,Ministerio de Energía y Minas
2022-01-09,regular,27.99,Ministerio de Energía y Minas
2022-01-09,superior,28.79,Ministerio de Energía y Minas
2022-01-10,diésel,25.46,Ministerio de Energía y Minas
2022-01-10,regular,28.85,Ministerio de Energía y Minas
2022-01-10,superior,29.65,Ministerio de Energía y Minas
2022-01-11,diésel,25.46,Ministerio de Energía y Minas
2022-01-11,regular,28.85,Ministerio de Energía y Minas
2022-01-11,superior,29.65,Ministerio de Energía y Minas
2022-01-12,diésel,25.46,Ministerio de Energía y Minas
2022-01-12,regular,28.85,Ministerio de Energía y Minas
2022-01-12,superior,29.65,Ministerio de Energía y Minas
2022-01-13,diésel,25.46,Ministerio de Energía y Minas
2022-01-13,regular,28.85,Ministerio de Energía y Minas
2022-01-13,superior,29.65,Ministerio de Energía y Minas
2022-01-14,diésel,25.46,Ministerio de Energía y Minas
2022-01-14,regular,28.85,Ministerio de Energía y Minas
2022-01-14,superior,29.65,Ministerio de Energía y Minas
2022-01-15,diésel,25.46,Ministerio de Energía y Minas
2022-01-15,regular,28.85,Ministerio de Energía y Minas
2022-01-15,superior,29.65,Ministerio de Energía y Minas
2022-01-16,diésel,25.46,Ministerio de Energía y Minas
2022-01-16,regular,28.85,Ministerio de Energía y Minas
2022-01-16,superior,29.65,Ministerio de Energía y Minas
2022-01-17,diésel,26.49,Ministerio de Energía y Minas
2022-01-17,regular,29.69,Ministerio de Energía y Minas
2022-01-17,superior,30.49,Ministerio de Energía y Minas
2022-01-18,diésel,26.49,Ministerio de Energía y Minas
2022-01-18,regular,29.69,Ministerio de Energía y Minas
2022-01-18,superior,30.49,Ministerio de Energía y Minas
2022-01-19,diésel,26.49,Ministerio de Energía y Minas
2022-01-19,regular,29.69,Ministerio de Energía y Minas
2022-01-19,superior,30.49,Ministerio de Energía y Minas
2022-01-20,diésel,26.49,Ministerio de Energía y Minas
2022-01-20,regular,29.69,Ministerio de Energía y Minas
2022-01-20,superior,30.49,Ministerio de Energía y Minas
2022-01-21,diésel,26.49,Ministerio de Energía y Minas
2022-01-21,regular,29.69,Ministerio de Energía y Minas
2022-01-21,superior,30.49,Ministerio de Energía y Minas
2022-01-22,diésel,26.49,Ministerio de Energía y Minas
2022-01-22,regular,29.69,Ministerio de Energía y Minas
2022-01-22,superior,30.49,Ministerio de Energía y Minas
2022-01-23,diésel,26.49,Ministerio de Energía y Minas
2022-01-23,regular,29.69,Ministerio de Energía y Minas
2022-01-23,superior,30.49,Ministerio de Energía y Minas
2022-01-24,diésel,27.49,Ministerio de Energía y Minas
2022-01-24,regular,30.69,Ministerio de Energía y Minas
2022-01-24,superior,31.49,Ministerio de Energía y Minas
2022-01-25,diésel,27.49,Ministerio de Energía y Minas
2022-01-25,regular,30.69,Ministerio de Energía y Minas
2022-01-25,superior,31.49,Ministerio de Energía y Minas
2022-01-26,diésel,27.49,Ministerio de Energía y Minas
2022-01-26,regular,30.69,Ministerio de Energía y Minas
2022-01-26,superior,31.49,Ministerio de Energía y Minas
2022-01-27,diésel,27.49,Ministerio de Energía y Minas
2022-01-27,regular,30.69,Ministerio de Energía y Minas
2022-01-27,superior,31.49,Ministerio de Energía y Minas
2022-01-28,diésel,27.49,Ministerio de Energía y Minas
2022-01-28,regular,30.69,Ministerio de Energía y Minas
2022-01-28,superior,31.49,Ministerio de Energía y Minas
2022-01-29,diésel,27.49,Ministerio de Energía y Minas
2022-01-29,regular,30.69,Ministerio de Energía y Minas
2022-01-29,superior,31.49,Ministerio de Energía y Minas
2022-01-30,diésel,27.49,Ministerio de Energía y Minas
2022-01-30,regular,30.69,Ministerio de Energía y Minas
2022-01-30,superior,31.49,Ministerio de Energía y Minas
2022-01-31,diésel,27.98,Ministerio de Energía y Minas
2022-01-31,regular,30.69,Ministerio de Energía y Minas
2022-01-31,superior,31.5,Ministerio de Energía y Minas
2022-02-01,diésel,27.98,Ministerio de Energía y Minas
2022-02-01,regular,30.69,Ministerio de Energía y Minas
2022-02-01,superior,31.5,Ministerio de Energía y Minas
2022-02-02,diésel,27.98,Ministerio de Energía y Minas
2022-02-02,regular,30.69,Ministerio de Energía y Minas
2022-02-02,superior,31.5,Ministerio de Energía y Minas
2022-02-03,diésel,27.98,Ministerio de Energía y Minas
2022-02-03,regular,30.69,Ministerio de Energía y Minas
2022-02-03,superior,31.5,Ministerio de Energía y Minas
2022-02-04,diésel,27.98,Ministerio de Energía y Minas
2022-02-04,regular,30.69,Ministerio de Energía y Minas
2022-02-04,superior,31.5,Ministerio de Energía y Minas
2022-02-05,diésel,27.98,Ministerio de Energía y Minas
2022-02-05,regular,30.69,Ministerio de Energía y Minas
2022-02-05,superior,31.5,Ministerio de Energía y Minas
2022-02-06,diésel,27.98,Ministerio de Energía y Minas
2022-02-06,regular,30.69,Ministerio de Energía y Minas
2022-02-06,superior,31.5,Ministerio de Energía y Minas
2022-02-07,bunker,20.3,Ministerio de Energía y Minas
2022-02-07,diésel,28.58,Ministerio de Energía y Minas
2022-02-07,regular,32.39,Ministerio de Energía y Minas
2022-02-07,superior,32.19,Ministerio de Energía y Minas
2022-02-08,bunker,20.3,Ministerio de Energía y Minas
2022-02-08,diésel,28.58,Ministerio de Energía y Minas
2022-02-08,regular,32.39,Ministerio de Energía y Minas
2022-02-08,superior,32.19,Ministerio de Energía y Minas
2022-02-09,bunker,20.3,Ministerio de Energía y Minas
2022-02-09,diésel,28.58,Ministerio de Energía y Minas
2022-02-09,regular,32.39,Ministerio de Energía y Minas
2022-02-09,superior,32.19,Ministerio de Energía y Minas
2022-02-10,bunker,20.3,Ministerio de Energía y Minas
2022-02-10,diésel,28.58,Ministerio de Energía y Minas
2022-02-10,regular,32.39,Ministerio de Energía y Minas
2022-02-10,superior,32.19,Ministerio de Energía y Minas
2022-02-11,bunker,20.3,Ministerio de Energía y Minas
2022-02-11,diésel,28.58,Ministerio de Energía y Minas
2022-02-11,regular,32.39,Ministerio de Energía y Minas
2022-02-11,superior,32.19,Ministerio de Energía y Minas
2022-02-12,bunker,20.3,Ministerio de Energía y Minas
2022-02-12,diésel,28.58,Ministerio de Energía y Minas
2022-02-12,regular,32.39,Ministerio de Energía y Minas
2022-02-12,superior,32.19,Ministerio de Energía y Minas
2022-02-13,bunker,20.3,Ministerio de Energía y Minas
2022-02-13,diésel,28.58,Ministerio de Energía y Minas
2022-02-13,regular,32.39,Ministerio de Energía y Minas
2022-02-13,superior,32.19,Ministerio de Energía y Minas
2022-02-14,bunker,20.35,Ministerio de Energía y Minas
2022-02-14,diésel,28.61,Ministerio de Energía y Minas
2022-02-14,regular,31.42,Ministerio de Energía y Minas
2022-02-14,superior,32.22,Ministerio de Energía y Minas
2022-02-15,bunker,20.35,Ministerio de Energía y Minas
2022-02-15,diésel,28.61,Ministerio de Energía y Minas
2022-02-15,regular,31.42,Ministerio de Energía y Minas
2022-02-15,superior,32.22,Ministerio de Energía y Minas
2022-02-16,bunker,20.35,Ministerio de Energía y Minas
2022-02-16,diésel,28.61,Ministerio de Energía y Minas
2022-02-16,regular,31.42,Ministerio de Energía y Minas
2022-02-16,superior,32.22,Ministerio de Energía y Minas
2022-02-17,bunker,20.35,Ministerio de Energía y Minas
2022-02-17,diésel,28.61,Ministerio de Energía y Minas
2022-02-17,regular,31.42,Ministerio de Energía y Minas
2022-02-17,superior,32.22,Ministerio de Energía y Minas
2022-02-18,bunker,20.35,Ministerio de Energía y Minas
2022-02-18,diésel,28.61,Ministerio de Energía y Minas
2022-02-18,regular,31.42,Ministerio de Energía y Minas
2022-02-18,superior,32.22,Ministerio de Energía y Minas
2022-02-19,bunker,20.35,Ministerio de Energía y Minas
2022-02-19,diésel,28.61,Ministerio de Energía y Minas
2022-02-19,regular,31.42,Ministerio de Energía y Minas
2022-02-19,superior,32.22,Ministerio de Energía y Minas
2022-02-20,bunker,20.35,Ministerio de Energía y Minas
2022-02-20,diésel,28.61,Ministerio de Energía y Minas
2022-02-20,regular,31.42,Ministerio de Energía y Minas
2022-02-20,superior,32.22,Ministerio de Energía y Minas
2022-02-21,bunker,20.35,Ministerio de Energía y Minas
2022-02-21,diésel,29.88,Ministerio de Energía y Minas
2022-02-21,regular,32.7,Ministerio de Energía y Minas
2022-02-21,superior,33.5,Ministerio de Energía y Minas
2022-02-22,bunker,20.35,Ministerio de Energía y Minas
2022-02-22,diésel,29.88,Ministerio de Energía y Minas
2022-02-22,regular,32.7,Ministerio de Energía y Minas
2022-02-22,superior,33.5,Ministerio de Energía y Minas
2022-02-23,bunker,20.35,Ministerio de Energía y Minas
2022-02-23,diésel,29.88,Ministerio de Energía y Minas
2022-02-23,regular,32.7,Ministerio de Energía y Minas
2022-02-23,superior,33.5,Ministerio de Energía y Minas
2022-02-24,bunker,20.35,Ministerio de Energía y Minas
2022-02-24,diésel,29.88,Ministerio de Energía y Minas
2022-02-24,regular,32.7,Ministerio de Energía y Minas
2022-02-24,superior,33.5,Ministerio de Energía y Minas
2022-02-25,bunker,20.35,Ministerio de Energía y Minas
2022-02-25,diésel,29.88,Ministerio de Energía y Minas
2022-02-25,regular,32.7,Ministerio de Energía y Minas
2022-02-25,superior,33.5,Ministerio de Energía y Minas
2022-02-26,bunker,20.35,Ministerio de Energía y Minas
2022-02-26,diésel,29.88,Ministerio de Energía y Minas
2022-02-26,regular,32.7,Ministerio de Energía y Minas
2022-02-26,superior,33.5,Ministerio de Energía y Minas
2022-02-27,bunker,20.35,Ministerio de Energía y Minas
2022-02-27,diésel,29.88,Ministerio de Energía y Minas
2022-02-27,regular,32.7,Ministerio de Energía y Minas
2022-02-27,superior,33.5,Ministerio de Energía y Minas
2022-02-28,bunker,20.0,Ministerio de Energía y Minas
2022-02-28,diésel,30.09,Ministerio de Energía y Minas
2022-02-28,regular,33.29,Ministerio de Energía y Minas
2022-02-28,superior,33.88,Ministerio de Energía y Minas
2022-03-01,bunker,20.0,Ministerio de Energía y Minas
2022-03-01,diésel,30.09,Ministerio de Energía y Minas
2022-03-01,regular,33.29,Ministerio de Energía y Minas
2022-03-01,superior,33.88,Ministerio de Energía y Minas
2022-03-02,bunker,20.0,Ministerio de Energía y Minas
2022-03-02,diésel,30.09,Ministerio de Energía y Minas
2022-03-02,regular,33.29,Ministerio de Energía y Minas
2022-03-02,superior,33.88,Ministerio de Energía y Minas
2022-03-03,bunker,20.0,Ministerio de Energía y Minas
2022-03-03,diésel,33.09,Ministerio de Energía y Minas
2022-03-03,regular,35.39,Ministerio de Energía y Minas
2022-03-03,superior,35.99,Ministerio de Energía y Minas
2022-03-04,bunker,20.0,Ministerio de Energía y Minas
2022-03-04,diésel,33.09,Ministerio de Energía y Minas
2022-03-04,regular,35.39,Ministerio de Energía y Minas
2022-03-04,superior,35.99,Ministerio de Energía y Minas
2022-03-05,bunker,20.0,Ministerio de Energía y Minas
2022-03-05,diésel,33.09,Ministerio de Energía y Minas
2022-03-05,regular,35.39,Ministerio de Energía y Minas
2022-03-05,superior,35.99,Ministerio de Energía y Minas
2022-03-06,bunker,20.0,Ministerio de Energía y Minas
2022-03-06,diésel,33.09,Ministerio de Energía y Minas
2022-03-06,regular,35.39,Ministerio de Energía y Minas
2022-03-06,superior,35.99,Ministerio de Energía y Minas
2022-03-07,bunker,21.9,Ministerio de Energía y Minas
2022-03-07,diésel,36.09,Ministerio de Energía y Minas
2022-03-07,regular,37.39,Ministerio de Energía y Minas
2022-03-07,superior,37.98,Ministerio de Energía y Minas
2022-03-08,bunker,21.9,Ministerio de Energía y Minas
2022-03-08,diésel,36.09,Ministerio de Energía y Minas
2022-03-08,regular,37.39,Ministerio de Energía y Minas
2022-03-08,superior,37.98,Ministerio de Energía y Minas
2022-03-09,bunker,21.9,Ministerio de Energía y Minas
2022-03-09,diésel,40.25,Ministerio de Energía y Minas
2022-03-09,regular,39.42,Ministerio de Energía y Minas
2022-03-09,superior,39.99,Ministerio de Energía y Minas
2022-03-10,bunker,21.9,Ministerio de Energía y Minas
2022-03-10,diésel,40.25,Ministerio de Energía y Minas
2022-03-10,regular,39.42,Ministerio de Energía y Minas
2022-03-10,superior,39.99,Ministerio de Energía y Minas
2022-03-11,bunker,21.9,Ministerio de Energía y Minas
2022-03-11,diésel,40.25,Ministerio de Energía y Minas
2022-03-11,regular,39.42,Ministerio de Energía y Minas
2022-03-11,superior,39.99,Ministerio de Energía y Minas
2022-03-12,bunker,21.9,Ministerio de Energía y Minas
2022-03-12,diésel,40.25,Ministerio de Energía y Minas
2022-03-12,regular,39.42,Ministerio de Energía y Minas
2022-03-12,superior,39.99,Ministerio de Energía y Minas
2022-03-13,bunker,21.9,Ministerio de Energía y Minas
2022-03-13,diésel,35.48,Ministerio de Energía y Minas
2022-03-13,regular,37.39,Ministerio de Energía y Minas
2022-03-13,superior,37.98,Ministerio de Energía y Minas
2022-03-14,bunker,24.96,Ministerio de Energía y Minas
2022-03-14,diésel,35.48,Ministerio de Energía y Minas
2022-03-14,regular,37.39,Ministerio de Energía y Minas
2022-03-14,superior,37.98,Ministerio de Energía y Minas
2022-03-15,bunker,24.96,Ministerio de Energía y Minas
2022-03-15,diésel,35.48,Ministerio de Energía y Minas
2022-03-15,regular,37.39,Ministerio de Energía y Minas
2022-03-15,superior,37.98,Ministerio de Energía y Minas
2022-03-16,bunker,24.6,Ministerio de Energía y Minas
2022-03-16,diésel,35.7,Ministerio de Energía y Minas
2022-03-16,regular,37.39,Ministerio de Energía y Minas
2022-03-16,superior,38.0,Ministerio de Energía y Minas
2022-03-17,bunker,24.6,Ministerio de Energía y Minas
2022-03-17,diésel,35.7,Ministerio de Energía y Minas
2022-03-17,regular,37.39,Ministerio de Energía y Minas
2022-03-17,superior,38.0,Ministerio de Energía y Minas
2022-03-18,bunker,24.6,Ministerio de Energía y Minas
2022-03-18,diésel,35.7,Ministerio de Energía y Minas
2022-03-18,regular,37.39,Ministerio de Energía y Minas
2022-03-18,superior,38.0,Ministerio de Energía y Minas
2022-03-19,bunker,24.6,Ministerio de Energía y Minas
2022-03-19,diésel,35.7,Ministerio de Energía y Minas
2022-03-19,regular,37.39,Ministerio de Energía y Minas
2022-03-19,superior,38.0,Ministerio de Energía y Minas
2022-03-20,bunker,24.6,Ministerio de Energía y Minas
2022-03-20,diésel,35.7,Ministerio de Energía y Minas
2022-03-20,regular,37.39,Ministerio de Energía y Minas
2022-03-20,superior,38.0,Ministerio de Energía y Minas
2022-03-21,bunker,22.7,Ministerio de Energía y Minas
2022-03-21,diésel,35.66,Ministerio de Energía y Minas
2022-03-21,regular,34.47,Ministerio de Energía y Minas
2022-03-21,superior,38.09,Ministerio de Energía y Minas
2022-03-22,bunker,22.7,Ministerio de Energía y Minas
2022-03-22,diésel,35.66,Ministerio de Energía y Minas
2022-03-22,regular,34.47,Ministerio de Energía y Minas
2022-03-22,superior,38.09,Ministerio de Energía y Minas
2022-03-23,bunker,22.7,Ministerio de Energía y Minas
2022-03-23,diésel,35.66,Ministerio de Energía y Minas
2022-03-23,regular,34.47,Ministerio de Energía y Minas
2022-03-23,superior,38.09,Ministerio de Energía y Minas
2022-03-24,bunker,22.7,Ministerio de Energía y Minas
2022-03-24,diésel,35.66,Ministerio de Energía y Minas
2022-03-24,regular,34.47,Ministerio de Energía y Minas
2022-03-24,superior,38.09,Ministerio de Energía y Minas
2022-03-25,bunker,22.7,Ministerio de Energía y Minas
2022-03-25,diésel,35.66,Ministerio de Energía y Minas
2022-03-25,regular,34.47,Ministerio de Energía y Minas
2022-03-25,superior,38.09,Ministerio de Energía y Minas
2022-03-26,bunker,22.7,Ministerio de Energía y Minas
2022-03-26,diésel,35.66,Ministerio de Energía y Minas
2022-03-26,regular,34.47,Ministerio de Energía y Minas
2022-03-26,superior,38.09,Ministerio de Energía y Minas
2022-03-27,bunker,22.7,Ministerio de Energía y Minas
2022-03-27,diésel,35.66,Ministerio de Energía y Minas
2022-03-27,regular,34.47,Ministerio de Energía y Minas
2022-03-27,superior,38.09,Ministerio de Energía y Minas
2022-03-28,bunker,22.7,Ministerio de Energía y Minas
2022-03-28,diésel,35.66,Ministerio de Energía y Minas
2022-03-28,regular,34.47,Ministerio de Energía y Minas
2022-03-28,superior,38.09,Ministerio de Energía y Minas
2022-03-29,bunker,22.7,Ministerio de Energía y Minas
2022-03-29,diésel,35.66,Ministerio de Energía y Minas
2022-03-29,regular,34.47,Ministerio de Energía y Minas
2022-03-29,superior,38.09,Ministerio de Energía y Minas
2022-03-30,bunker,25.1,Ministerio de Energía y Minas
2022-03-30,diésel,37.39,Ministerio de Energía y Minas
2022-03-30,regular,38.31,Ministerio de Energía y Minas
2022-03-30,superior,38.91,Ministerio de Energía y Minas
2022-03-31,bunker,25.1,Ministerio de Energía y Minas
2022-03-31,diésel,37.39,Ministerio de Energía y Minas
2022-03-31,regular,38.31,Ministerio de Energía y Minas
2022-03-31,superior,38.91,Ministerio de Energía y Minas
2022-04-01,bunker,25.1,Ministerio de Energía y Minas
2022-04-01,diésel,37.39,Ministerio de Energía y Minas
2022-04-01,regular,38.31,Ministerio de Energía y Minas
2022-04-01,superior,38.91,Ministerio de Energía y Minas
2022-04-02,bunker,25.1,Ministerio de Energía y Minas
2022-04-02,diésel,37.39,Ministerio de Energía y Minas
2022-04-02,regular,38.31,Ministerio de Energía y Minas
2022-04-02,superior,38.91,Ministerio de Energía y Minas
2022-04-03,bunker,25.1,Ministerio de Energía y Minas
2022-04-03,diésel,37.39,Ministerio de Energía y Minas
2022-04-03,regular,38.31,Ministerio de Energía y Minas
2022-04-03,superior,38.91,Ministerio de Energía y Minas
2022-04-04,bunker,25.1,Ministerio de Energía y Minas
2022-04-04,diésel,37.39,Ministerio de Energía y Minas
2022-04-04,regular,38.31,Ministerio de Energía y Minas
2022-04-04,superior,38.91,Ministerio de Energía y Minas
2022-04-05,bunker,25.1,Ministerio de Energía y Minas
2022-04-05,diésel,37.39,Ministerio de Energía y Minas
2022-04-05,regular,38.31,Ministerio de Energía y Minas
2022-04-05,superior,38.91,Ministerio de Energía y Minas
2022-04-06,bunker,23.66,Ministerio de Energía y Minas
2022-04-06,diésel,32.25,Ministerio de Energía y Minas
2022-04-06,regular,35.09,Ministerio de Energía y Minas
2022-04-06,superior,37.98,Ministerio de Energía y Minas
2022-04-07,bunker,23.66,Ministerio de Energía y Minas
2022-04-07,diésel,32.25,Ministerio de Energía y Minas
2022-04-07,regular,35.09,Ministerio de Energía y Minas
2022-04-07,superior,37.98,Ministerio de Energía y Minas
2022-04-08,bunker,23.66,Ministerio de Energía y Minas
2022-04-08,diésel,32.25,Ministerio de Energía y Minas
2022-04-08,regular,35.09,Ministerio de Energía y Minas
2022-04-08,superior,37.98,Ministerio de Energía y Minas
2022-04-09,bunker,23.66,Ministerio de Energía y Minas
2022-04-09,diésel,32.25,Ministerio de Energía y Minas
2022-04-09,regular,35.09,Ministerio de Energía y Minas
2022-04-09,superior,37.98,Ministerio de Energía y Minas
2022-04-10,bunker,23.66,Ministerio de Energía y Minas
2022-04-10,diésel,32.25,Ministerio de Energía y Minas
2022-04-10,regular,35.09,Ministerio de Energía y Minas
2022-04-10,superior,37.98,Ministerio de Energía y Minas
2022-04-11,bunker,23.66,Ministerio de Energía y Minas
2022-04-11,diésel,32.25,Ministerio de Energía y Minas
2022-04-11,regular,35.09,Ministerio de Energía y Minas
2022-04-11,superior,37.98,Ministerio de Energía y Minas
2022-04-12,bunker,22.94,Ministerio de Energía y Minas
2022-04-12,diésel,32.08,Ministerio de Energía y Minas
2022-04-12,regular,34.23,Ministerio de Energía y Minas
2022-04-12,superior,37.37,Ministerio de Energía y Minas
2022-04-13,bunker,22.94,Ministerio de Energía y Minas
2022-04-13,diésel,32.08,Ministerio de Energía y Minas
2022-04-13,regular,34.23,Ministerio de Energía y Minas
2022-04-13,superior,37.37,Ministerio de Energía y Minas
2022-04-14,bunker,22.94,Ministerio de Energía y Minas
2022-04-14,diésel,32.08,Ministerio de Energía y Minas
2022-04-14,regular,34.23,Ministerio de Energía y Minas
2022-04-14,superior,37.37,Ministerio de Energía y Minas
2022-04-15,bunker,22.94,Ministerio de Energía y Minas
2022-04-15,diésel,32.08,Ministerio de Energía y Minas
2022-04-15,regular,34.23,Ministerio de Energía y Minas
2022-04-15,superior,37.37,Ministerio de Energía y Minas
2022-04-16,bunker,22.94,Ministerio de Energía y Minas
2022-04-16,diésel,32.08,Ministerio de Energía y Minas
2022-04-16,regular,34.23,Ministerio de Energía y Minas
2022-04-16,superior,37.37,Ministerio de Energía y Minas
2022-04-17,bunker,22.94,Ministerio de Energía y Minas
2022-04-17,diésel,32.08,Ministerio de Energía y Minas
2022-04-17,regular,34.23,Ministerio de Energía y Minas
2022-04-17,superior,37.37,Ministerio de Energía y Minas
2022-04-18,bunker,22.94,Ministerio de Energía y Minas
2022-04-18,diésel,32.08,Ministerio de Energía y Minas
2022-04-18,regular,34.23,Ministerio de Energía y Minas
2022-04-18,superior,37.37,Ministerio de Energía y Minas
2022-04-19,bunker,22.94,Ministerio de Energía y Minas
2022-04-19,diésel,32.08,Ministerio de Energía y Minas
2022-04-19,regular,34.23,Ministerio de Energía y Minas
2022-04-19,superior,37.37,Ministerio de Energía y Minas
2022-04-20,bunker,22.94,Ministerio de Energía y Minas
2022-04-20,diésel,32.65,Ministerio de Energía y Minas
2022-04-20,regular,34.65,Ministerio de Energía y Minas
2022-04-20,superior,37.66,Ministerio de Energía y Minas
2022-04-21,bunker,22.94,Ministerio de Energía y Minas
2022-04-21,diésel,32.65,Ministerio de Energía y Minas
2022-04-21,regular,34.65,Ministerio de Energía y Minas
2022-04-21,superior,37.66,Ministerio de Energía y Minas
2022-04-22,bunker,22.94,Ministerio de Energía y Minas
2022-04-22,diésel,32.65,Ministerio de Energía y Minas
2022-04-22,regular,34.65,Ministerio de Energía y Minas
2022-04-22,superior,37.66,Ministerio de Energía y Minas
2022-04-23,bunker,22.94,Ministerio de Energía y Minas
2022-04-23,diésel,32.65,Ministerio de Energía y Minas
2022-04-23,regular,34.65,Ministerio de Energía y Minas
2022-04-23,superior,37.66,Ministerio de Energía y Minas
2022-04-24,bunker,22.94,Ministerio de Energía y Minas
2022-04-24,diésel,32.65,Ministerio de Energía y Minas
2022-04-24,regular,34.65,Ministerio de Energía y Minas
2022-04-24,superior,37.66,Ministerio de Energía y Minas
2022-04-25,bunker,22.94,Ministerio de Energía y Minas
2022-04-25,diésel,32.65,Ministerio de Energía y Minas
2022-04-25,regular,34.65,Ministerio de Energía y Minas
2022-04-25,superior,37.66,Ministerio de Energía y Minas
2022-04-26,bunker,23.42,Ministerio de Energía y Minas
2022-04-26,diésel,34.81,Ministerio de Energía y Minas
2022-04-26,regular,35.38,Ministerio de Energía y Minas
2022-04-26,superior,38.42,Ministerio de Energía y Minas
2022-04-27,bunker,23.42,Ministerio de Energía y Minas
2022-04-27,diésel,34.81,Ministerio de Energía y Minas
2022-04-27,regular,35.38,Ministerio de Energía y Minas
2022-04-27,superior,38.42,Ministerio de Energía y Minas
2022-04-28,bunker,23.42,Ministerio de Energía y Minas
2022-04-28,diésel,34.81,Ministerio de Energía y Minas
2022-04-28,regular,35.38,Ministerio de Energía y Minas
2022-04-28,superior,38.42,Ministerio de Energía y Minas
2022-04-29,bunker,23.42,Ministerio de Energía y Minas
2022-04-29,diésel,34.81,Ministerio de Energía y Minas
2022-04-29,regular,35.38,Ministerio de Energía y Minas
2022-04-29,superior,38.42,Ministerio de Energía y Minas
2022-04-30,bunker,23.42,Ministerio de Energía y Minas
2022-04-30,diésel,34.81,Ministerio de Energía y Minas
2022-04-30,regular,35.38,Ministerio de Energía y Minas
2022-04-30,superior,38.42,Ministerio de Energía y Minas
2022-05-01,bunker,23.42,Ministerio de Energía y Minas
2022-05-01,diésel,34.81,Ministerio de Energía y Minas
2022-05-01,regular,35.38,Ministerio de Energía y Minas
2022-05-01,superior,38.42,Ministerio de Energía y Minas
2022-05-02,bunker,23.42,Ministerio de Energía y Minas
2022-05-02,diésel,34.81,Ministerio de Energía y Minas
2022-05-02,regular,35.38,Ministerio de Energía y Minas
2022-05-02,superior,38.42,Ministerio de Energía y Minas
2022-05-03,bunker,23.42,Ministerio de Energía y Minas
2022-05-03,diésel,34.81,Ministerio de Energía y Minas
2022-05-03,regular,35.38,Ministerio de Energía y Minas
2022-05-03,superior,38.42,Ministerio de Energía y Minas
2022-05-04,bunker,23.27,Ministerio de Energía y Minas
2022-05-04,diésel,37.65,Ministerio de Energía y Minas
2022-05-04,regular,36.16,Ministerio de Energía y Minas
2022-05-04,superior,39.26,Ministerio de Energía y Minas
2022-05-05,bunker,23.27,Ministerio de Energía y Minas
2022-05-05,diésel,37.65,Ministerio de Energía y Minas
2022-05-05,regular,36.16,Ministerio de Energía y Minas
2022-05-05,superior,39.26,Ministerio de Energía y Minas
2022-05-06,bunker,23.27,Ministerio de Energía y Minas
2022-05-06,diésel,37.65,Ministerio de Energía y Minas
2022-05-06,regular,36.16,Ministerio de Energía y Minas
2022-05-06,superior,39.26,Ministerio de Energía y Minas
2022-05-07,bunker,23.27,Ministerio de Energía y Minas
2022-05-07,diésel,37.65,Ministerio de Energía y Minas
2022-05-07,regular,36.16,Ministerio de Energía y Minas
2022-05-07,superior,39.26,Ministerio de Energía y Minas
2022-05-08,bunker,23.27,Ministerio de Energía y Minas
2022-05-08,diésel,37.65,Ministerio de Energía y Minas
2022-05-08,regular,36.16,Ministerio de Energía y Minas
2022-05-08,superior,39.26,Ministerio de Energía y Minas
2022-05-09,bunker,23.27,Ministerio de Energía y Minas
2022-05-09,diésel,37.65,Ministerio de Energía y Minas
2022-05-09,regular,36.16,Ministerio de Energía y Minas
2022-05-09,superior,39.26,Ministerio de Energía y Minas
2022-05-10,bunker,23.57,Ministerio de Energía y Minas
2022-05-10,diésel,38.42,Ministerio de Energía y Minas
2022-05-10,regular,38.55,Ministerio de Energía y Minas
2022-05-10,superior,41.65,Ministerio de Energía y Minas
2022-05-11,bunker,23.57,Ministerio de Energía y Minas
2022-05-11,diésel,38.42,Ministerio de Energía y Minas
2022-05-11,regular,38.55,Ministerio de Energía y Minas
2022-05-11,superior,41.65,Ministerio de Energía y Minas
2022-05-12,bunker,23.57,Ministerio de Energía y Minas
2022-05-12,diésel,38.42,Ministerio de Energía y Minas
2022-05-12,regular,38.55,Ministerio de Energía y Minas
2022-05-12,superior,41.65,Ministerio de Energía y Minas
2022-05-13,bunker,23.57,Ministerio de Energía y Minas
2022-05-13,diésel,38.42,Ministerio de Energía y Minas
2022-05-13,regular,38.55,Ministerio de Energía y Minas
2022-05-13,superior,41.65,Ministerio de Energía y Minas
2022-05-14,bunker,23.57,Ministerio de Energía y Minas
2022-05-14,diésel,38.42,Ministerio de Energía y Minas
2022-05-14,regular,38.55,Ministerio de Energía y Minas
2022-05-14,superior,41.65,Ministerio de Energía y Minas
2022-05-15,bunker,23.57,Ministerio de Energía y Minas
2022-05-15,diésel,38.42,Ministerio de Energía y Minas
2022-05-15,regular,38.55,Ministerio de Energía y Minas
2022-05-15,superior,41.65,Ministerio de Energía y Minas
2022-05-16,bunker,23.57,Ministerio de Energía y Minas
2022-05-16,diésel,38.42,Ministerio de Energía y Minas
2022-05-16,regular,38.55,Ministerio de Energía y Minas
2022-05-16,superior,41.65,Ministerio de Energía y Minas
2022-05-17,bunker,23.27,Ministerio de Energía y Minas
2022-05-17,diésel,35.32,Ministerio de Energía y Minas
2022-05-17,regular,40.13,Ministerio de Energía y Minas
2022-05-17,superior,43.24,Ministerio de Energía y Minas
2022-05-18,bunker,23.27,Ministerio de Energía y Minas
2022-05-18,diésel,35.32,Ministerio de Energía y Minas
2022-05-18,regular,40.13,Ministerio de Energía y Minas
2022-05-18,superior,43.24,Ministerio de Energía y Minas
2022-05-19,bunker,23.27,Ministerio de Energía y Minas
2022-05-19,diésel,35.32,Ministerio de Energía y Minas
2022-05-19,regular,40.13,Ministerio de Energía y Minas
2022-05-19,superior,43.24,Ministerio de Energía y Minas
2022-05-20,bunker,23.27,Ministerio de Energía y Minas
2022-05-20,diésel,35.32,Ministerio de Energía y Minas
2022-05-20,regular,40.13,Ministerio de Energía y Minas
2022-05-20,superior,43.24,Ministerio de Energía y Minas
2022-05-21,bunker,23.27,Ministerio de Energía y Minas
2022-05-21,diésel,35.32,Ministerio de Energía y Minas
2022-05-21,regular,40.13,Ministerio de Energía y Minas
2022-05-21,superior,43.24,Ministerio de Energía y Minas
2022-05-22,bunker,23.27,Ministerio de Energía y Minas
2022-05-22,diésel,35.32,Ministerio de Energía y Minas
2022-05-22,regular,40.13,Ministerio de Energía y Minas
2022-05-22,superior,43.24,Ministerio de Energía y Minas
2022-05-23,bunker,23.27,Ministerio de Energía y Minas
2022-05-23,diésel,35.32,Ministerio de Energía y Minas
2022-05-23,regular,40.13,Ministerio de Energía y Minas
2022-05-23,superior,43.24,Ministerio de Energía y Minas
2022-05-24,bunker,24.15,Ministerio de Energía y Minas
2022-05-24,diésel,32.26,Ministerio de Energía y Minas
2022-05-24,regular,39.87,Ministerio de Energía y Minas
2022-05-24,superior,42.98,Ministerio de Energía y Minas
2022-05-25,bunker,24.15,Ministerio de Energía y Minas
2022-05-25,diésel,32.26,Ministerio de Energía y Minas
2022-05-25,regular,39.87,Ministerio de Energía y Minas
2022-05-25,superior,42.98,Ministerio de Energía y Minas
2022-05-26,bunker,24.15,Ministerio de Energía y Minas
2022-05-26,diésel,32.26,Ministerio de Energía y Minas
2022-05-26,regular,39.87,Ministerio de Energía y Minas
2022-05-26,superior,42.98,Ministerio de Energía y Minas
2022-05-27,bunker,24.15,Ministerio de Energía y Minas
2022-05-27,diésel,32.26,Ministerio de Energía y Minas
2022-05-27,regular,39.87,Ministerio de Energía y Minas
2022-05-27,superior,42.98,Ministerio de Energía y Minas
2022-05-28,bunker,24.15,Ministerio de Energía y Minas
2022-05-28,diésel,32.26,Ministerio de Energía y Minas
2022-05-28,regular,39.87,Ministerio de Energía y Minas
2022-05-28,superior,42.98,Ministerio de Energía y Minas
2022-05-29,bunker,24.15,Ministerio de Energía y Minas
2022-05-29,diésel,32.26,Ministerio de Energía y Minas
2022-05-29,regular,39.87,Ministerio de Energía y Minas
2022-05-29,superior,42.98,Ministerio de Energía y Minas
2022-05-30,bunker,24.15,Ministerio de Energía y Minas
2022-05-30,diésel,32.26,Ministerio de Energía y Minas
2022-05-30,regular,39.87,Ministerio de Energía y Minas
2022-05-30,superior,42.98,Ministerio de Energía y Minas
2022-05-31,bunker,24.52,Ministerio de Energía y Minas
2022-05-31,diésel,30.5,Ministerio de Energía y Minas
2022-05-31,regular,37.92,Ministerio de Energía y Minas
2022-05-31,superior,39.14,Ministerio de Energía y Minas
2022-06-01,bunker,24.52,Ministerio de Energía y Minas
2022-06-01,diésel,30.5,Ministerio de Energía y Minas
2022-06-01,regular,37.92,Ministerio de Energía y Minas
2022-06-01,superior,39.14,Ministerio de Energía y Minas
2022-06-02,bunker,24.52,Ministerio de Energía y Minas
2022-06-02,diésel,30.5,Ministerio de Energía y Minas
2022-06-02,regular,37.92,Ministerio de Energía y Minas
2022-06-02,superior,39.14,Ministerio de Energía y Minas
2022-06-03,bunker,24.52,Ministerio de Energía y Minas
2022-06-03,diésel,30.5,Ministerio de Energía y Minas
2022-06-03,regular,37.92,Ministerio de Energía y Minas
2022-06-03,superior,39.14,Ministerio de Energía y Minas
2022-06-04,bunker,24.52,Ministerio de Energía y Minas
2022-06-04,diésel,30.5,Ministerio de Energía y Minas
2022-06-04,regular,37.92,Ministerio de Energía y Minas
2022-06-04,superior,39.14,Ministerio de Energía y Minas
2022-06-05,bunker,24.52,Ministerio de Energía y Minas
2022-06-05,diésel,30.5,Ministerio de Energía y Minas
2022-06-05,regular,37.92,Ministerio de Energía y Minas
2022-06-05,superior,39.14,Ministerio de Energía y Minas
2022-06-06,bunker,24.52,Ministerio de Energía y Minas
2022-06-06,diésel,30.5,Ministerio de Energía y Minas
2022-06-06,regular,37.92,Ministerio de Energía y Minas
2022-06-06,superior,39.14,Ministerio de Energía y Minas
2022-06-07,bunker,24.52,Ministerio de Energía y Minas
2022-06-07,diésel,32.87,Ministerio de Energía y Minas
2022-06-07,regular,38.71,Ministerio de Energía y Minas
2022-06-07,superior,39.71,Ministerio de Energía y Minas
2022-06-08,bunker,24.52,Ministerio de Energía y Minas
2022-06-08,diésel,32.87,Ministerio de Energía y Minas
2022-06-08,regular,38.71,Ministerio de Energía y Minas
2022-06-08,superior,39.71,Ministerio de Energía y Minas
2022-06-09,bunker,24.52,Ministerio de Energía y Minas
2022-06-09,diésel,32.87,Ministerio de Energía y Minas
2022-06-09,regular,38.71,Ministerio de Energía y Minas
2022-06-09,superior,39.71,Ministerio de Energía y Minas
2022-06-10,bunker,24.52,Ministerio de Energía y Minas
2022-06-10,diésel,32.87,Ministerio de Energía y Minas
2022-06-10,regular,38.71,Ministerio de Energía y Minas
2022-06-10,superior,39.71,Ministerio de Energía y Minas
2022-06-11,bunker,24.52,Ministerio de Energía y Minas
2022-06-11,diésel,32.87,Ministerio de Energía y Minas
2022-06-11,regular,38.71,Ministerio de Energía y Minas
2022-06-11,superior,39.71,Ministerio de Energía y Minas
2022-06-12,bunker,24.52,Ministerio de Energía y Minas
2022-06-12,diésel,32.87,Ministerio de Energía y Minas
2022-06-12,regular,38.71,Ministerio de Energía y Minas
2022-06-12,superior,39.71,Ministerio de Energía y Minas
2022-06-13,bunker,24.52,Ministerio de Energía y Minas
2022-06-13,diésel,32.87,Ministerio de Energía y Minas
2022-06-13,regular,38.71,Ministerio de Energía y Minas
2022-06-13,superior,39.71,Ministerio de Energía y Minas
2022-06-14,bunker,24.37,Ministerio de Energía y Minas
2022-06-14,diésel,35.44,Ministerio de Energía y Minas
2022-06-14,regular,40.5,Ministerio de Energía y Minas
2022-06-14,superior,41.51,Ministerio de Energía y Minas
2022-06-15,bunker,24.37,Ministerio de Energía y Minas
2022-06-15,diésel,35.44,Ministerio de Energía y Minas
2022-06-15,regular,40.5,Ministerio de Energía y Minas
2022-06-15,superior,41.51,Ministerio de Energía y Minas
2022-06-16,bunker,24.37,Ministerio de Energía y Minas
2022-06-16,diésel,35.44,Ministerio de Energía y Minas
2022-06-16,regular,40.5,Ministerio de Energía y Minas
2022-06-16,superior,41.51,Ministerio de Energía y Minas
2022-06-17,bunker,24.37,Ministerio de Energía y Minas
2022-06-17,diésel,35.44,Ministerio de Energía y Minas
2022-06-17,regular,40.5,Ministerio de Energía y Minas
2022-06-17,superior,41.51,Ministerio de Energía y Minas
2022-06-18,bunker,24.37,Ministerio de Energía y Minas
2022-06-18,diésel,35.44,Ministerio de Energía y Minas
2022-06-18,regular,40.5,Ministerio de Energía y Minas
2022-06-18,superior,41.51,Ministerio de Energía y Minas
2022-06-19,bunker,24.37,Ministerio de Energía y Minas
2022-06-19,diésel,35.44,Ministerio de Energía y Minas
2022-06-19,regular,40.5,Ministerio de Energía y Minas
2022-06-19,superior,41.51,Ministerio de Energía y Minas
2022-06-20,bunker,24.37,Ministerio de Energía y Minas
2022-06-20,diésel,35.44,Ministerio de Energía y Minas
2022-06-20,regular,40.5,Ministerio de Energía y Minas
2022-06-20,superior,41.51,Ministerio de Energía y Minas
2022-06-21,bunker,23.77,Ministerio de Energía y Minas
2022-06-21,diésel,36.89,Ministerio de Energía y Minas
2022-06-21,regular,39.62,Ministerio de Energía y Minas
2022-06-21,superior,40.63,Ministerio de Energía y Minas
2022-06-22,bunker,23.77,Ministerio de Energía y Minas
2022-06-22,diésel,36.89,Ministerio de Energía y Minas
2022-06-22,regular,39.62,Ministerio de Energía y Minas
2022-06-22,superior,40.63,Ministerio de Energía y Minas
2022-06-23,bunker,23.77,Ministerio de Energía y Minas
2022-06-23,diésel,36.89,Ministerio de Energía y Minas
2022-06-23,regular,39.62,Ministerio de Energía y Minas
2022-06-23,superior,40.63,Ministerio de Energía y Minas
2022-06-24,bunker,23.77,Ministerio de Energía y Minas
2022-06-24,diésel,36.89,Ministerio de Energía y Minas
2022-06-24,regular,39.62,Ministerio de Energía y Minas
2022-06-24,superior,40.63,Ministerio de Energía y Minas
2022-06-25,bunker,23.77,Ministerio de Energía y Minas
2022-06-25,diésel,36.89,Ministerio de Energía y Minas
2022-06-25,regular,39.62,Ministerio de Energía y Minas
2022-06-25,superior,40.63,Ministerio de Energía y Minas
2022-06-26,bunker,23.77,Ministerio de Energía y Minas
2022-06-26,diésel,36.89,Ministerio de Energía y Minas
2022-06-26,regular,39.62,Ministerio de Energía y Minas
2022-06-26,superior,40.63,Ministerio de Energía y Minas
2022-06-27,bunker,23.77,Ministerio de Energía y Minas
2022-06-27,diésel,36.89,Ministerio de Energía y Minas
2022-06-27,regular,39.62,Ministerio de Energía y Minas
2022-06-27,superior,40.63,Ministerio de Energía y Minas
2022-06-28,bunker,23.52,Ministerio de Energía y Minas
2022-06-28,diésel,36.4,Ministerio de Energía y Minas
2022-06-28,regular,38.43,Ministerio de Energía y Minas
2022-06-28,superior,39.43,Ministerio de Energía y Minas
2022-06-29,bunker,23.52,Ministerio de Energía y Minas
2022-06-29,diésel,36.4,Ministerio de Energía y Minas
2022-06-29,regular,38.43,Ministerio de Energía y Minas
2022-06-29,superior,39.43,Ministerio de Energía y Minas
2022-06-30,bunker,23.52,Ministerio de Energía y Minas
2022-06-30,diésel,36.4,Ministerio de Energía y Minas
2022-06-30,regular,38.43,Ministerio de Energía y Minas
2022-06-30,superior,39.43,Ministerio de Energía y Minas
2022-07-01,bunker,23.52,Ministerio de Energía y Minas
2022-07-01,diésel,36.4,Ministerio de Energía y Minas
2022-07-01,regular,38.43,Ministerio de Energía y Minas
2022-07-01,superior,39.43,Ministerio de Energía y Minas
2022-07-02,bunker,23.52,Ministerio de Energía y Minas
2022-07-02,diésel,36.4,Ministerio de Energía y Minas
2022-07-02,regular,38.43,Ministerio de Energía y Minas
2022-07-02,superior,39.43,Ministerio de Energía y Minas
2022-07-03,bunker,23.52,Ministerio de Energía y Minas
2022-07-03,diésel,36.4,Ministerio de Energía y Minas
2022-07-03,regular,38.43,Ministerio de Energía y Minas
2022-07-03,superior,39.43,Ministerio de Energía y Minas
2022-07-04,bunker,23.52,Ministerio de Energía y Minas
2022-07-04,diésel,36.4,Ministerio de Energía y Minas
2022-07-04,regular,38.43,Ministerio de Energía y Minas
2022-07-04,superior,39.43,Ministerio de Energía y Minas
2022-07-05,bunker,23.09,Ministerio de Energía y Minas
2022-07-05,diésel,33.88,Ministerio de Energía y Minas
2022-07-05,regular,38.17,Ministerio de Energía y Minas
2022-07-05,superior,39.17,Ministerio de Energía y Minas
2022-07-06,bunker,23.09,Ministerio de Energía y Minas
2022-07-06,diésel,33.88,Ministerio de Energía y Minas
2022-07-06,regular,38.17,Ministerio de Energía y Minas
2022-07-06,superior,39.17,Ministerio de Energía y Minas
2022-07-07,bunker,23.09,Ministerio de Energía y Minas
2022-07-07,diésel,33.88,Ministerio de Energía y Minas
2022-07-07,regular,38.17,Ministerio de Energía y Minas
2022-07-07,superior,39.17,Ministerio de Energía y Minas
2022-07-08,bunker,23.09,Ministerio de Energía y Minas
2022-07-08,diésel,33.88,Ministerio de Energía y Minas
2022-07-08,regular,38.17,Ministerio de Energía y Minas
2022-07-08,superior,39.17,Ministerio de Energía y Minas
2022-07-09,bunker,23.09,Ministerio de Energía y Minas
2022-07-09,diésel,33.88,Ministerio de Energía y Minas
2022-07-09,regular,38.17,Ministerio de Energía y Minas
2022-07-09,superior,39.17,Ministerio de Energía y Minas
2022-07-10,bunker,23.09,Ministerio de Energía y Minas
2022-07-10,diésel,33.88,Ministerio de Energía y Minas
2022-07-10,regular,38.17,Ministerio de Energía y Minas
2022-07-10,superior,39.17,Ministerio de Energía y Minas
2022-07-11,bunker,23.09,Ministerio de Energía y Minas
2022-07-11,diésel,33.88,Ministerio de Energía y Minas
2022-07-11,regular,38.17,Ministerio de Energía y Minas
2022-07-11,superior,39.17,Ministerio de Energía y Minas
2022-07-12,bunker,21.74,Ministerio de Energía y Minas
2022-07-12,diésel,31.3,Ministerio de Energía y Minas
2022-07-12,regular,35.58,Ministerio de Energía y Minas
2022-07-12,superior,36.56,Ministerio de Energía y Minas
2022-07-13,bunker,21.74,Ministerio de Energía y Minas
2022-07-13,diésel,31.3,Ministerio de Energía y Minas
2022-07-13,regular,35.58,Ministerio de Energía y Minas
2022-07-13,superior,36.56,Ministerio de Energía y Minas
2022-07-14,bunker,21.74,Ministerio de Energía y Minas
2022-07-14,diésel,31.3,Ministerio de Energía y Minas
2022-07-14,regular,35.58,Ministerio de Energía y Minas
2022-07-14,superior,36.56,Ministerio de Energía y Minas
2022-07-15,bunker,21.74,Ministerio de Energía y Minas
2022-07-15,diésel,31.3,Ministerio de Energía y Minas
2022-07-15,regular,35.58,Ministerio de Energía y Minas
2022-07-15,superior,36.56,Ministerio de Energía y Minas
2022-07-16,bunker,21.74,Ministerio de Energía y Minas
2022-07-16,diésel,31.3,Ministerio de Energía y Minas
2022-07-16,regular,35.58,Ministerio de Energía y Minas
2022-07-16,superior,36.56,Ministerio de Energía y Minas
2022-07-17,bunker,21.74,Ministerio de Energía y Minas
2022-07-17,diésel,31.3,Ministerio de Energía y Minas
2022-07-17,regular,35.58,Ministerio de Energía y Minas
2022-07-17,superior,36.56,Ministerio de Energía y Minas
2022-07-18,bunker,21.74,Ministerio de Energía y Minas
2022-07-18,diésel,31.3,Ministerio de Energía y Minas
2022-07-18,regular,35.58,Ministerio de Energía y Minas
2022-07-18,superior,36.56,Ministerio de Energía y Minas
2022-07-19,bunker,20.15,Ministerio de Energía y Minas
2022-07-19,diésel,31.01,Ministerio de Energía y Minas
2022-07-19,regular,32.75,Ministerio de Energía y Minas
2022-07-19,superior,33.66,Ministerio de Energía y Minas
2022-07-20,bunker,20.15,Ministerio de Energía y Minas
2022-07-20,diésel,31.01,Ministerio de Energía y Minas
2022-07-20,regular,32.75,Ministerio de Energía y Minas
2022-07-20,superior,33.66,Ministerio de Energía y Minas
2022-07-21,bunker,20.15,Ministerio de Energía y Minas
2022-07-21,diésel,31.01,Ministerio de Energía y Minas
2022-07-21,regular,32.75,Ministerio de Energía y Minas
2022-07-21,superior,33.66,Ministerio de Energía y Minas
2022-07-22,bunker,20.15,Ministerio de Energía y Minas
2022-07-22,diésel,31.01,Ministerio de Energía y Minas
2022-07-22,regular,32.75,Ministerio de Energía y Minas
2022-07-22,superior,33.66,Ministerio de Energía y Minas
2022-07-23,bunker,20.15,Ministerio de Energía y Minas
2022-07-23,diésel,31.01,Ministerio de Energía y Minas
2022-07-23,regular,32.75,Ministerio de Energía y Minas
2022-07-23,superior,33.66,Ministerio de Energía y Minas
2022-07-24,bunker,20.15,Ministerio de Energía y Minas
2022-07-24,diésel,31.01,Ministerio de Energía y Minas
2022-07-24,regular,32.75,Ministerio de Energía y Minas
2022-07-24,superior,33.66,Ministerio de Energía y Minas
2022-07-25,bunker,20.15,Ministerio de Energía y Minas
2022-07-25,diésel,31.01,Ministerio de Energía y Minas
2022-07-25,regular,32.75,Ministerio de Energía y Minas
2022-07-25,superior,33.66,Ministerio de Energía y Minas
2022-07-26,bunker,21.2,Ministerio de Energía y Minas
2022-07-26,diésel,29.9,Ministerio de Energía y Minas
2022-07-26,regular,31.76,Ministerio de Energía y Minas
2022-07-26,superior,32.69,Ministerio de Energía y Minas
2022-07-27,bunker,21.2,Ministerio de Energía y Minas
2022-07-27,diésel,29.9,Ministerio de Energía y Minas
2022-07-27,regular,31.76,Ministerio de Energía y Minas
2022-07-27,superior,32.69,Ministerio de Energía y Minas
2022-07-28,bunker,21.2,Ministerio de Energía y Minas
2022-07-28,diésel,29.9,Ministerio de Energía y Minas
2022-07-28,regular,31.76,Ministerio de Energía y Minas
2022-07-28,superior,32.69,Ministerio de Energía y Minas
2022-07-29,bunker,21.2,Ministerio de Energía y Minas
2022-07-29,diésel,29.9,Ministerio de Energía y Minas
2022-07-29,regular,31.76,Ministerio de Energía y Minas
2022-07-29,superior,32.69,Ministerio de Energía y Minas
2022-07-30,bunker,21.2,Ministerio de Energía y Minas
2022-07-30,diésel,29.9,Ministerio de Energía y Minas
2022-07-30,regular,31.76,Ministerio de Energía y Minas
2022-07-30,superior,32.69,Ministerio de Energía y Minas
2022-07-31,bunker,21.2,Ministerio de Energía y Minas
2022-07-31,diésel,29.9,Ministerio de Energía y Minas
2022-07-31,regular,31.76,Ministerio de Energía y Minas
2022-07-31,superior,32.69,Ministerio de Energía y Minas
2022-08-01,bunker,21.2,Ministerio de Energía y Minas
2022-08-01,diésel,29.9,Ministerio de Energía y Minas
2022-08-01,regular,31.76,Ministerio de Energía y Minas
2022-08-01,superior,32.69,Ministerio de Energía y Minas
2022-08-02,bunker,22.05,Ministerio de Energía y Minas
2022-08-02,diésel,29.37,Ministerio de Energía y Minas
2022-08-02,regular,31.47,Ministerio de Energía y Minas
2022-08-02,superior,32.37,Ministerio de Energía y Minas
2022-08-03,bunker,22.05,Ministerio de Energía y Minas
2022-08-03,diésel,29.37,Ministerio de Energía y Minas
2022-08-03,regular,31.47,Ministerio de Energía y Minas
2022-08-03,superior,32.37,Ministerio de Energía y Minas
2022-08-04,bunker,22.05,Ministerio de Energía y Minas
2022-08-04,diésel,29.37,Ministerio de Energía y Minas
2022-08-04,regular,31.47,Ministerio de Energía y Minas
2022-08-04,superior,32.37,Ministerio de Energía y Minas
2022-08-05,bunker,22.05,Ministerio de Energía y Minas
2022-08-05,diésel,29.37,Ministerio de Energía y Minas
2022-08-05,regular,31.47,Ministerio de Energía y Minas
2022-08-05,superior,32.37,Ministerio de Energía y Minas
2022-08-06,bunker,22.05,Ministerio de Energía y Minas
2022-08-06,diésel,29.37,Ministerio de Energía y Minas
2022-08-06,regular,31.47,Ministerio de Energía y Minas
2022-08-06,superior,32.37,Ministerio de Energía y Minas
2022-08-07,bunker,22.05,Ministerio de Energía y Minas
2022-08-07,diésel,29.37,Ministerio de Energía y Minas
2022-08-07,regular,31.47,Ministerio de Energía y Minas
2022-08-07,superior,32.37,Ministerio de Energía y Minas
2022-08-08,bunker,22.05,Ministerio de Energía y Minas
2022-08-08,diésel,29.37,Ministerio de Energía y Minas
2022-08-08,regular,31.47,Ministerio de Energía y Minas
2022-08-08,superior,32.37,Ministerio de Energía y Minas
2022-08-09,bunker,21.35,Ministerio de Energía y Minas
2022-08-09,diésel,33.98,Ministerio de Energía y Minas
2022-08-09,regular,34.75,Ministerio de Energía y Minas
2022-08-09,superior,35.64,Ministerio de Energía y Minas
2022-08-10,bunker,21.35,Ministerio de Energía y Minas
2022-08-10,diésel,33.98,Ministerio de Energía y Minas
2022-08-10,regular,34.75,Ministerio de Energía y Minas
2022-08-10,superior,35.64,Ministerio de Energía y Minas
2022-08-11,bunker,21.35,Ministerio de Energía y Minas
2022-08-11,diésel,33.98,Ministerio de Energía y Minas
2022-08-11,regular,34.75,Ministerio de Energía y Minas
2022-08-11,superior,35.64,Ministerio de Energía y Minas
2022-08-12,bunker,21.35,Ministerio de Energía y Minas
2022-08-12,diésel,33.98,Ministerio de Energía y Minas
2022-08-12,regular,34.75,Ministerio de Energía y Minas
2022-08-12,superior,35.64,Ministerio de Energía y Minas
2022-08-13,bunker,21.35,Ministerio de Energía y Minas
2022-08-13,diésel,33.98,Ministerio de Energía y Minas
2022-08-13,regular,34.75,Ministerio de Energía y Minas
2022-08-13,superior,35.64,Ministerio de Energía y Minas
2022-08-14,bunker,21.35,Ministerio de Energía y Minas
2022-08-14,diésel,33.98,Ministerio de Energía y Minas
2022-08-14,regular,34.75,Ministerio de Energía y Minas
2022-08-14,superior,35.64,Ministerio de Energía y Minas
2022-08-15,bunker,21.35,Ministerio de Energía y Minas
2022-08-15,diésel,33.98,Ministerio de Energía y Minas
2022-08-15,regular,34.75,Ministerio de Energía y Minas
2022-08-15,superior,35.64,Ministerio de Energía y Minas
2022-08-16,bunker,21.13,Ministerio de Energía y Minas
2022-08-16,diésel,35.1,Ministerio de Energía y Minas
2022-08-16,regular,35.39,Ministerio de Energía y Minas
2022-08-16,superior,36.32,Ministerio de Energía y Minas
2022-08-17,bunker,21.13,Ministerio de Energía y Minas
2022-08-17,diésel,35.1,Ministerio de Energía y Minas
2022-08-17,regular,35.39,Ministerio de Energía y Minas
2022-08-17,superior,36.32,Ministerio de Energía y Minas
2022-08-18,bunker,21.13,Ministerio de Energía y Minas
2022-08-18,diésel,35.1,Ministerio de Energía y Minas
2022-08-18,regular,35.39,Ministerio de Energía y Minas
2022-08-18,superior,36.32,Ministerio de Energía y Minas
2022-08-19,bunker,21.13,Ministerio de Energía y Minas
2022-08-19,diésel,35.1,Ministerio de Energía y Minas
2022-08-19,regular,35.39,Ministerio de Energía y Minas
2022-08-19,superior,36.32,Ministerio de Energía y Minas
2022-08-20,bunker,21.13,Ministerio de Energía y Minas
2022-08-20,diésel,35.1,Ministerio de Energía y Minas
2022-08-20,regular,35.39,Ministerio de Energía y Minas
2022-08-20,superior,36.32,Ministerio de Energía y Minas
2022-08-21,bunker,21.13,Ministerio de Energía y Minas
2022-08-21,diésel,35.1,Ministerio de Energía y Minas
2022-08-21,regular,35.39,Ministerio de Energía y Minas
2022-08-21,superior,36.32,Ministerio de Energía y Minas
2022-08-22,bunker,21.13,Ministerio de Energía y Minas
2022-08-22,diésel,35.1,Ministerio de Energía y Minas
2022-08-22,regular,35.39,Ministerio de Energía y Minas
2022-08-22,superior,36.32,Ministerio de Energía y Minas
2022-08-23,diésel,35.8,Ministerio de Energía y Minas
2022-08-23,regular,34.72,Ministerio de Energía y Minas
2022-08-23,superior,35.65,Ministerio de Energía y Minas
2022-08-24,diésel,35.8,Ministerio de Energía y Minas
2022-08-24,regular,34.72,Ministerio de Energía y Minas
2022-08-24,superior,35.65,Ministerio de Energía y Minas
2022-08-25,diésel,35.8,Ministerio de Energía y Minas
2022-08-25,regular,34.72,Ministerio de Energía y Minas
2022-08-25,superior,35.65,Ministerio de Energía y Minas
2022-08-26,diésel,35.8,Ministerio de Energía y Minas
2022-08-26,regular,34.72,Ministerio de Energía y Minas
2022-08-26,superior,35.65,Ministerio de Energía y Minas
2022-08-27,diésel,35.8,Ministerio de Energía y Minas
2022-08-27,regular,34.72,Ministerio de Energía y Minas
2022-08-27,superior,35.65,Ministerio de Energía y Minas
2022-08-28,diésel,35.8,Ministerio de Energía y Minas
2022-08-28,regular,34.72,Ministerio de Energía y Minas
2022-08-28,superior,35.65,Ministerio de Energía y Minas
2022-08-29,diésel,35.8,Ministerio de Energía y Minas
2022-08-29,regular,34.72,Ministerio de Energía y Minas
2022-08-29,superior,35.65,Ministerio de Energía y Minas
2022-08-30,bunker,20.06,Ministerio de Energía y Minas
2022-08-30,diésel,35.19,Ministerio de Energía y Minas
2022-08-30,regular,34.62,Ministerio de Energía y Minas
2022-08-30,superior,35.55,Ministerio de Energía y Minas
2022-08-31,bunker,20.06,Ministerio de Energía y Minas
2022-08-31,diésel,35.19,Ministerio de Energía y Minas
2022-08-31,regular,34.62,Ministerio de Energía y Minas
2022-08-31,superior,35.55,Ministerio de Energía y Minas
2022-09-01,bunker,20.06,Ministerio de Energía y Minas
2022-09-01,diésel,35.19,Ministerio de Energía y Minas
2022-09-01,regular,34.62,Ministerio de Energía y Minas
2022-09-01,superior,35.55,Ministerio de Energía y Minas
2022-09-02,bunker,20.06,Ministerio de Energía y Minas
2022-09-02,diésel,35.19,Ministerio de Energía y Minas
2022-09-02,regular,34.62,Ministerio de Energía y Minas
2022-09-02,superior,35.55,Ministerio de Energía y Minas
2022-09-03,bunker,20.06,Ministerio de Energía y Minas
2022-09-03,diésel,35.19,Ministerio de Energía y Minas
2022-09-03,regular,34.62,Ministerio de Energía y Minas
2022-09-03,superior,35.55,Ministerio de Energía y Minas
2022-09-04,bunker,20.06,Ministerio de Energía y Minas
2022-09-04,diésel,35.19,Ministerio de Energía y Minas
2022-09-04,regular,34.62,Ministerio de Energía y Minas
2022-09-04,superior,35.55,Ministerio de Energía y Minas
2022-09-05,diésel,32.24,Ministerio de Energía y Minas
2022-09-05,regular,33.58,Ministerio de Energía y Minas
2022-09-05,superior,34.49,Ministerio de Energía y Minas
2022-09-06,diésel,32.24,Ministerio de Energía y Minas
2022-09-06,regular,33.58,Ministerio de Energía y Minas
2022-09-06,superior,34.49,Ministerio de Energía y Minas
2022-09-07,diésel,32.24,Ministerio de Energía y Minas
2022-09-07,regular,33.58,Ministerio de Energía y Minas
2022-09-07,superior,34.49,Ministerio de Energía y Minas
2022-09-08,diésel,32.24,Ministerio de Energía y Minas
2022-09-08,regular,33.58,Ministerio de Energía y Minas
2022-09-08,superior,34.49,Ministerio de Energía y Minas
2022-09-09,diésel,32.24,Ministerio de Energía y Minas
2022-09-09,regular,33.58,Ministerio de Energía y Minas
2022-09-09,superior,34.49,Ministerio de Energía y Minas
2022-09-10,diésel,32.24,Ministerio de Energía y Minas
2022-09-10,regular,33.58,Ministerio de Energía y Minas
2022-09-10,superior,34.49,Ministerio de Energía y Minas
2022-09-11,diésel,32.24,Ministerio de Energía y Minas
2022-09-11,regular,33.58,Ministerio de Energía y Minas
2022-09-11,superior,34.49,Ministerio de Energía y Minas
2022-09-12,diésel,31.41,Ministerio de Energía y Minas
2022-09-12,regular,33.24,Ministerio de Energía y Minas
2022-09-12,superior,34.16,Ministerio de Energía y Minas
2022-09-13,diésel,31.41,Ministerio de Energía y Minas
2022-09-13,regular,33.24,Ministerio de Energía y Minas
2022-09-13,superior,34.16,Ministerio de Energía y Minas
2022-09-14,diésel,31.41,Ministerio de Energía y Minas
2022-09-14,regular,33.24,Ministerio de Energía y Minas
2022-09-14,superior,34.16,Ministerio de Energía y Minas
2022-09-15,diésel,31.41,Ministerio de Energía y Minas
2022-09-15,regular,33.24,Ministerio de Energía y Minas
2022-09-15,superior,34.16,Ministerio de Energía y Minas
2022-09-16,diésel,31.41,Ministerio de Energía y Minas
2022-09-16,regular,33.24,Ministerio de Energía y Minas
2022-09-16,superior,34.16,Ministerio de Energía y Minas
2022-09-17,diésel,31.41,Ministerio de Energía y Minas
2022-09-17,regular,33.24,Ministerio de Energía y Minas
2022-09-17,superior,34.16,Ministerio de Energía y Minas
2022-09-18,diésel,31.41,Ministerio de Energía y Minas
2022-09-18,regular,33.24,Ministerio de Energía y Minas
2022-09-18,superior,34.16,Ministerio de Energía y Minas
2022-09-19,diésel,30.0,Ministerio de Energía y Minas
2022-09-19,regular,33.22,Ministerio de Energía y Minas
2022-09-19,superior,34.12,Ministerio de Energía y Minas
2022-09-20,diésel,30.0,Ministerio de Energía y Minas
2022-09-20,regular,33.22,Ministerio de Energía y Minas
2022-09-20,superior,34.12,Ministerio de Energía y Minas
2022-09-21,diésel,30.0,Ministerio de Energía y Minas
2022-09-21,regular,33.22,Ministerio de Energía y Minas
2022-09-21,superior,34.12,Ministerio de Energía y Minas
2022-09-22,diésel,30.0,Ministerio de Energía y Minas
2022-09-22,regular,33.22,Ministerio de Energía y Minas
2022-09-22,superior,34.12,Ministerio de Energía y Minas
2022-09-23,diésel,30.0,Ministerio de Energía y Minas
2022-09-23,regular,33.22,Ministerio de Energía y Minas
2022-09-23,superior,34.12,Ministerio de Energía y Minas
2022-09-24,diésel,30.0,Ministerio de Energía y Minas
2022-09-24,regular,33.22,Ministerio de Energía y Minas
2022-09-24,superior,34.12,Ministerio de Energía y Minas
2022-09-25,diésel,30.0,Ministerio de Energía y Minas
2022-09-25,regular,33.22,Ministerio de Energía y Minas
2022-09-25,superior,34.12,Ministerio de Energía y Minas
2022-09-26,diésel,29.16,Ministerio de Energía y Minas
2022-09-26,regular,33.28,Ministerio de Energía y Minas
2022-09-26,superior,34.18,Ministerio de Energía y Minas
2022-09-27,diésel,29.16,Ministerio de Energía y Minas
2022-09-27,regular,33.28,Ministerio de Energía y Minas
2022-09-27,superior,34.18,Ministerio de Energía y Minas
2022-09-28,diésel,29.16,Ministerio de Energía y Minas
2022-09-28,regular,33.28,Ministerio de Energía y Minas
2022-09-28,superior,34.18,Ministerio de Energía y Minas
2022-09-29,diésel,29.16,Ministerio de Energía y Minas
2022-09-29,regular,33.28,Ministerio de Energía y Minas
2022-09-29,superior,34.18,Ministerio de Energía y Minas
2022-09-30,diésel,29.16,Ministerio de Energía y Minas
2022-09-30,regular,33.28,Ministerio de Energía y Minas
2022-09-30,superior,34.18,Ministerio de Energía y Minas
2022-10-01,diésel,29.16,Ministerio de Energía y Minas
2022-10-01,regular,33.28,Ministerio de Energía y Minas
2022-10-01,superior,34.18,Ministerio de Energía y Minas
2022-10-02,diésel,29.16,Ministerio de Energía y Minas
2022-10-02,regular,33.28,Ministerio de Energía y Minas
2022-10-02,superior,34.18,Ministerio de Energía y Minas
2022-10-03,diésel,32.33,Ministerio de Energía y Minas
2022-10-03,regular,33.27,Ministerio de Energía y Minas
2022-10-03,superior,34.16,Ministerio de Energía y Minas
2022-10-04,diésel,32.33,Ministerio de Energía y Minas
2022-10-04,regular,33.27,Ministerio de Energía y Minas
2022-10-04,superior,34.16,Ministerio de Energía y Minas
2022-10-05,diésel,32.33,Ministerio de Energía y Minas
2022-10-05,regular,33.27,Ministerio de Energía y Minas
2022-10-05,superior,34.16,Ministerio de Energía y Minas
2022-10-06,diésel,35.89,Ministerio de Energía y Minas
2022-10-06,regular,34.29,Ministerio de Energía y Minas
2022-10-06,superior,35.19,Ministerio de Energía y Minas
2022-10-07,diésel,35.89,Ministerio de Energía y Minas
2022-10-07,regular,34.29,Ministerio de Energía y Minas
2022-10-07,superior,35.19,Ministerio de Energía y Minas
2022-10-08,diésel,35.89,Ministerio de Energía y Minas
2022-10-08,regular,34.29,Ministerio de Energía y Minas
2022-10-08,superior,35.19,Ministerio de Energía y Minas
2022-10-09,diésel,35.89,Ministerio de Energía y Minas
2022-10-09,regular,34.29,Ministerio de Energía y Minas
2022-10-09,superior,35.19,Ministerio de Energía y Minas
2022-10-10,diésel,38.46,Ministerio de Energía y Minas
2022-10-10,regular,35.99,Ministerio de Energía y Minas
2022-10-10,superior,36.92,Ministerio de Energía y Minas
2022-10-11,diésel,38.46,Ministerio de Energía y Minas
2022-10-11,regular,35.99,Ministerio de Energía y Minas
2022-10-11,superior,36.92,Ministerio de Energía y Minas
2022-10-12,diésel,38.46,Ministerio de Energía y Minas
2022-10-12,regular,35.99,Ministerio de Energía y Minas
2022-10-12,superior,36.92,Ministerio de Energía y Minas
2022-10-13,diésel,38.46,Ministerio de Energía y Minas
2022-10-13,regular,35.99,Ministerio de Energía y Minas
2022-10-13,superior,36.92,Ministerio de Energía y Minas
2022-10-14,diésel,38.46,Ministerio de Energía y Minas
2022-10-14,regular,35.99,Ministerio de Energía y Minas
2022-10-14,superior,36.92,Ministerio de Energía y Minas
2022-10-15,diésel,38.46,Ministerio de Energía y Minas
2022-10-15,regular,35.99,Ministerio de Energía y Minas
2022-10-15,superior,36.92,Ministerio de Energía y Minas
2022-10-16,diésel,38.46,Ministerio de Energía y Minas
2022-10-16,regular,35.99,Ministerio de Energía y Minas
2022-10-16,superior,36.92,Ministerio de Energía y Minas
2022-10-17,diésel,41.27,Ministerio de Energía y Minas
2022-10-17,regular,36.23,Ministerio de Energía y Minas
2022-10-17,superior,37.14,Ministerio de Energía y Minas
2022-10-18,diésel,41.27,Ministerio de Energía y Minas
2022-10-18,regular,36.23,Ministerio de Energía y Minas
2022-10-18,superior,37.14,Ministerio de Energía y Minas
2022-10-19,diésel,41.27,Ministerio de Energía y Minas
2022-10-19,regular,36.23,Ministerio de Energía y Minas
2022-10-19,superior,37.14,Ministerio de Energía y Minas
2022-10-20,diésel,41.27,Ministerio de Energía y Minas
2022-10-20,regular,36.23,Ministerio de Energía y Minas
2022-10-20,superior,37.14,Ministerio de Energía y Minas
2022-10-21,diésel,41.27,Ministerio de Energía y Minas
2022-10-21,regular,36.23,Ministerio de Energía y Minas
2022-10-21,superior,37.14,Ministerio de Energía y Minas
2022-10-22,diésel,41.27,Ministerio de Energía y Minas
2022-10-22,regular,36.23,Ministerio de Energía y Minas
2022-10-22,superior,37.14,Ministerio de Energía y Minas
2022-10-23,diésel,41.27,Ministerio de Energía y Minas
2022-10-23,regular,36.23,Ministerio de Energía y Minas
2022-10-23,superior,37.14,Ministerio de Energía y Minas
2022-10-24,diésel,41.25,Ministerio de Energía y Minas
2022-10-24,regular,36.27,Ministerio de Energía y Minas
2022-10-24,superior,37.17,Ministerio de Energía y Minas
2022-10-25,diésel,41.25,Ministerio de Energía y Minas
2022-10-25,regular,36.27,Ministerio de Energía y Minas
2022-10-25,superior,37.17,Ministerio de Energía y Minas
2022-10-26,diésel,41.25,Ministerio de Energía y Minas
2022-10-26,regular,36.27,Ministerio de Energía y Minas
2022-10-26,superior,37.17,Ministerio de Energía y Minas
2022-10-27,diésel,41.25,Ministerio de Energía y Minas
2022-10-27,regular,36.27,Ministerio de Energía y Minas
2022-10-27,superior,37.17,Ministerio de Energía y Minas
2022-10-28,diésel,41.25,Ministerio de Energía y Minas
2022-10-28,regular,36.27,Ministerio de Energía y Minas
2022-10-28,superior,37.17,Ministerio de Energía y Minas
2022-10-29,diésel,41.25,Ministerio de Energía y Minas
2022-10-29,regular,36.27,Ministerio de Energía y Minas
2022-10-29,superior,37.17,Ministerio de Energía y Minas
2022-10-30,diésel,41.25,Ministerio de Energía y Minas
2022-10-30,regular,36.27,Ministerio de Energía y Minas
2022-10-30,superior,37.17,Ministerio de Energía y Minas
2022-10-31,diésel,41.25,Ministerio de Energía y Minas
2022-10-31,regular,36.27,Ministerio de Energía y Minas
2022-10-31,superior,37.17,Ministerio de Energía y Minas
2022-11-01,diésel,41.25,Ministerio de Energía y Minas
2022-11-01,regular,36.27,Ministerio de Energía y Minas
2022-11-01,superior,37.17,Ministerio de Energía y Minas
2022-11-02,diésel,39.9,Ministerio de Energía y Minas
2022-11-02,regular,35.57,Ministerio de Energía y Minas
2022-11-02,superior,36.75,Ministerio de Energía y Minas
2022-11-03,diésel,39.9,Ministerio de Energía y Minas
2022-11-03,regular,35.57,Ministerio de Energía y Minas
2022-11-03,superior,36.75,Ministerio de Energía y Minas
2022-11-04,diésel,39.9,Ministerio de Energía y Minas
2022-11-04,regular,35.57,Ministerio de Energía y Minas
2022-11-04,superior,36.75,Ministerio de Energía y Minas
2022-11-05,diésel,39.9,Ministerio de Energía y Minas
2022-11-05,regular,35.57,Ministerio de Energía y Minas
2022-11-05,superior,36.75,Ministerio de Energía y Minas
2022-11-06,diésel,39.9,Ministerio de Energía y Minas
2022-11-06,regular,35.57,Ministerio de Energía y Minas
2022-11-06,superior,36.75,Ministerio de Energía y Minas
2022-11-07,diésel,39.82,Ministerio de Energía y Minas
2022-11-07,regular,35.5,Ministerio de Energía y Minas
2022-11-07,superior,36.7,Ministerio de Energía y Minas
2022-11-08,diésel,39.82,Ministerio de Energía y Minas
2022-11-08,regular,35.5,Ministerio de Energía y Minas
2022-11-08,superior,36.7,Ministerio de Energía y Minas
2022-11-09,diésel,39.82,Ministerio de Energía y Minas
2022-11-09,regular,35.5,Ministerio de Energía y Minas
2022-11-09,superior,36.7,Ministerio de Energía y Minas
2022-11-10,diésel,39.82,Ministerio de Energía y Minas
2022-11-10,regular,35.5,Ministerio de Energía y Minas
2022-11-10,superior,36.7,Ministerio de Energía y Minas
2022-11-11,diésel,39.82,Ministerio de Energía y Minas
2022-11-11,regular,35.5,Ministerio de Energía y Minas
2022-11-11,superior,36.7,Ministerio de Energía y Minas
2022-11-12,diésel,39.82,Ministerio de Energía y Minas
2022-11-12,regular,35.5,Ministerio de Energía y Minas
2022-11-12,superior,36.7,Ministerio de Energía y Minas
2022-11-13,diésel,39.82,Ministerio de Energía y Minas
2022-11-13,regular,35.5,Ministerio de Energía y Minas
2022-11-13,superior,36.7,Ministerio de Energía y Minas
2022-11-14,diésel,40.59,Ministerio de Energía y Minas
2022-11-14,regular,35.87,Ministerio de Energía y Minas
2022-11-14,superior,37.37,Ministerio de Energía y Minas
2022-11-15,diésel,40.59,Ministerio de Energía y Minas
2022-11-15,regular,35.87,Ministerio de Energía y Minas
2022-11-15,superior,37.37,Ministerio de Energía y Minas
2022-11-16,diésel,40.59,Ministerio de Energía y Minas
2022-11-16,regular,35.87,Ministerio de Energía y Minas
2022-11-16,superior,37.37,Ministerio de Energía y Minas
2022-11-17,diésel,40.59,Ministerio de Energía y Minas
2022-11-17,regular,35.87,Ministerio de Energía y Minas
2022-11-17,superior,37.37,Ministerio de Energía y Minas
2022-11-18,diésel,40.59,Ministerio de Energía y Minas
2022-11-18,regular,35.87,Ministerio de Energía y Minas
2022-11-18,superior,37.37,Ministerio de Energía y Minas
2022-11-19,diésel,40.59,Ministerio de Energía y Minas
2022-11-19,regular,35.87,Ministerio de Energía y Minas
2022-11-19,superior,37.37,Ministerio de Energía y Minas
2022-11-20,diésel,40.59,Ministerio de Energía y Minas
2022-11-20,regular,35.87,Ministerio de Energía y Minas
2022-11-20,superior,37.37,Ministerio de Energía y Minas
2022-11-21,diésel,38.17,Ministerio de Energía y Minas
2022-11-21,regular,34.54,Ministerio de Energía y Minas
2022-11-21,superior,36.14,Ministerio de Energía y Minas
2022-11-22,diésel,38.17,Ministerio de Energía y Minas
2022-11-22,regular,34.54,Ministerio de Energía y Minas
2022-11-22,superior,36.14,Ministerio de Energía y Minas
2022-11-23,diésel,38.17,Ministerio de Energía y Minas
2022-11-23,regular,34.54,Ministerio de Energía y Minas
2022-11-23,superior,36.14,Ministerio de Energía y Minas
2022-11-24,diésel,38.17,Ministerio de Energía y Minas
2022-11-24,regular,34.54,Ministerio de Energía y Minas
2022-11-24,superior,36.14,Ministerio de Energía y Minas
2022-11-25,diésel,38.17,Ministerio de Energía y Minas
2022-11-25,regular,34.54,Ministerio de Energía y Minas
2022-11-25,superior,36.14,Ministerio de Energía y Minas
2022-11-26,diésel,38.17,Ministerio de Energía y Minas
2022-11-26,regular,34.54,Ministerio de Energía y Minas
2022-11-26,superior,36.14,Ministerio de Energía y Minas
2022-11-27,diésel,38.17,Ministerio de Energía y Minas
2022-11-27,regular,34.54,Ministerio de Energía y Minas
2022-11-27,superior,36.14,Ministerio de Energía y Minas
2022-11-28,diésel,35.96,Ministerio de Energía y Minas
2022-11-28,regular,33.32,Ministerio de Energía y Minas
2022-11-28,superior,34.94,Ministerio de Energía y Minas
2022-11-29,diésel,35.96,Ministerio de Energía y Minas
2022-11-29,regular,33.32,Ministerio de Energía y Minas
2022-11-29,superior,34.94,Ministerio de Energía y Minas
2022-11-30,diésel,35.96,Ministerio de Energía y Minas
2022-11-30,regular,33.32,Ministerio de Energía y Minas
2022-11-30,superior,34.94,Ministerio de Energía y Minas
2022-12-01,diésel,35.96,Ministerio de Energía y Minas
2022-12-01,regular,33.32,Ministerio de Energía y Minas
2022-12-01,superior,34.94,Ministerio de Energía y Minas
2022-12-02,diésel,35.96,Ministerio de Energía y Minas
2022-12-02,regular,33.32,Ministerio de Energía y Minas
2022-12-02,superior,34.94,Ministerio de Energía y Minas
2022-12-03,diésel,35.96,Ministerio de Energía y Minas
2022-12-03,regular,33.32,Ministerio de Energía y Minas
2022-12-03,superior,34.94,Ministerio de Energía y Minas
2022-12-04,diésel,35.96,Ministerio de Energía y Minas
2022-12-04,regular,33.32,Ministerio de Energía y Minas
2022-12-04,superior,34.94,Ministerio de Energía y Minas
2022-12-05,diésel,35.58,Ministerio de Energía y Minas
2022-12-05,regular,32.9,Ministerio de Energía y Minas
2022-12-05,superior,34.5,Ministerio de Energía y Minas
2022-12-06,diésel,35.58,Ministerio de Energía y Minas
2022-12-06,regular,32.9,Ministerio de Energía y Minas
2022-12-06,superior,34.5,Ministerio de Energía y Minas
2022-12-07,diésel,35.58,Ministerio de Energía y Minas
2022-12-07,regular,32.9,Ministerio de Energía y Minas
2022-12-07,superior,34.5,Ministerio de Energía y Minas
2022-12-08,diésel,35.58,Ministerio de Energía y Minas
2022-12-08,regular,32.9,Ministerio de Energía y Minas
2022-12-08,superior,34.5,Ministerio de Energía y Minas
2022-12-09,diésel,35.58,Ministerio de Energía y Minas
2022-12-09,regular,32.9,Ministerio de Energía y Minas
2022-12-09,superior,34.5,Ministerio de Energía y Minas
2022-12-10,diésel,35.58,Ministerio de Energía y Minas
2022-12-10,regular,32.9,Ministerio de Energía y Minas
2022-12-10,superior,34.5,Ministerio de Energía y Minas
2022-12-11,diésel,35.58,Ministerio de Energía y Minas
2022-12-11,regular,32.9,Ministerio de Energía y Minas
2022-12-11,superior,34.5,Ministerio de Energía y Minas
2022-12-12,diésel,34.8,Ministerio de Energía y Minas
2022-12-12,regular,32.39,Ministerio de Energía y Minas
2022-12-12,superior,33.98,Ministerio de Energía y Minas
2022-12-13,diésel,34.8,Ministerio de Energía y Minas
2022-12-13,regular,32.39,Ministerio de Energía y Minas
2022-12-13,superior,33.98,Ministerio de Energía y Minas
2022-12-14,diésel,34.8,Ministerio de Energía y Minas
2022-12-14,regular,32.39,Ministerio de Energía y Minas
2022-12-14,superior,33.98,Ministerio de Energía y Minas
2022-12-15,diésel,34.8,Ministerio de Energía y Minas
2022-12-15,regular,32.39,Ministerio de Energía y Minas
2022-12-15,superior,33.98,Ministerio de Energía y Minas
2022-12-16,diésel,34.8,Ministerio de Energía y Minas
2022-12-16,regular,32.39,Ministerio de Energía y Minas
2022-12-16,superior,33.98,Ministerio de Energía y Minas
2022-12-17,diésel,34.8,Ministerio de Energía y Minas
2022-12-17,regular,32.39,Ministerio de Energía y Minas
2022-12-17,superior,33.98,Ministerio de Energía y Minas
2022-12-18,diésel,34.8,Ministerio de Energía y Minas
2022-12-18,regular,32.39,Ministerio de Energía y Minas
2022-12-18,superior,33.98,Ministerio de Energía y Minas
2022-12-19,diésel,33.95,Ministerio de Energía y Minas
2022-12-19,regular,31.96,Ministerio de Energía y Minas
2022-12-19,superior,33.48,Ministerio de Energía y Minas
2022-12-20,diésel,33.95,Ministerio de Energía y Minas
2022-12-20,regular,31.96,Ministerio de Energía y Minas
2022-12-20,superior,33.48,Ministerio de Energía y Minas
2022-12-21,diésel,33.95,Ministerio de Energía y Minas
2022-12-21,regular,31.96,Ministerio de Energía y Minas
2022-12-21,superior,33.48,Ministerio de Energía y Minas
2022-12-22,diésel,33.95,Ministerio de Energía y Minas
2022-12-22,regular,31.96,Ministerio de Energía y Minas
2022-12-22,superior,33.48,Ministerio de Energía y Minas
2022-12-23,diésel,33.95,Ministerio de Energía y Minas
2022-12-23,regular,31.96,Ministerio de Energía y Minas
2022-12-23,superior,33.48,Ministerio de Energía y Minas
2022-12-24,diésel,33.95,Ministerio de Energía y Minas
2022-12-24,regular,31.96,Ministerio de Energía y Minas
2022-12-24,superior,33.48,Ministerio de Energía y Minas
2022-12-25,diésel,33.95,Ministerio de Energía y Minas
2022-12-25,regular,31.96,Ministerio de Energía y Minas
2022-12-25,superior,33.48,Ministerio de Energía y Minas
2022-12-26,diésel,33.95,Ministerio de Energía y Minas
2022-12-26,regular,31.96,Ministerio de Energía y Minas
2022-12-26,superior,33.48,Ministerio de Energía y Minas
2022-12-27,diésel,33.75,Ministerio de Energía y Minas
2022-12-27,regular,30.99,Ministerio de Energía y Minas
2022-12-27,superior,32.55,Ministerio de Energía y Minas
2022-12-28,diésel,33.75,Ministerio de Energía y Minas
2022-12-28,regular,30.99,Ministerio de Energía y Minas
2022-12-28,superior,32.55,Ministerio de Energía y Minas
2022-12-29,diésel,33.75,Ministerio de Energía y Minas
2022-12-29,regular,30.99,Ministerio de Energía y Minas
2022-12-29,superior,32.55,Ministerio de Energía y Minas
2022-12-30,diésel,33.75,Ministerio de Energía y Minas
2022-12-30,regular,30.99,Ministerio de Energía y Minas
2022-12-30,superior,32.55,Ministerio de Energía y Minas
2022-12-31,diésel,33.75,Ministerio de Energía y Minas
2022-12-31,regular,30.99,Ministerio de Energía y Minas
2022-12-31,superior,32.55,Ministerio de Energía y Minas
2023-01-01,diésel,33.75,Ministerio de Energía y Minas
2023-01-01,regular,30.99,Ministerio de Energía y Minas
2023-01-01,superior,32.55,Ministerio de Energía y Minas
2023-01-02,diésel,33.75,Ministerio de Energía y Minas
2023-01-02,regular,30.99,Ministerio de Energía y Minas
2023-01-02,superior,32.55,Ministerio de Energía y Minas
2023-01-03,diésel,35.31,Ministerio de Energía y Minas
2023-01-03,regular,31.42,Ministerio de Energía y Minas
2023-01-03,superior,32.56,Ministerio de Energía y Minas
2023-01-04,diésel,35.31,Ministerio de Energía y Minas
2023-01-04,regular,31.42,Ministerio de Energía y Minas
2023-01-04,superior,32.56,Ministerio de Energía y Minas
2023-01-05,diésel,35.31,Ministerio de Energía y Minas
2023-01-05,regular,31.42,Ministerio de Energía y Minas
2023-01-05,superior,32.56,Ministerio de Energía y Minas
2023-01-06,diésel,35.31,Ministerio de Energía y Minas
2023-01-06,regular,31.42,Ministerio de Energía y Minas
2023-01-06,superior,32.56,Ministerio de Energía y Minas
2023-01-07,diésel,35.31,Ministerio de Energía y Minas
2023-01-07,regular,31.42,Ministerio de Energía y Minas
2023-01-07,superior,32.56,Ministerio de Energía y Minas
2023-01-08,diésel,35.31,Ministerio de Energía y Minas
2023-01-08,regular,31.42,Ministerio de Energía y Minas
2023-01-08,superior,32.56,Ministerio de Energía y Minas
2023-01-09,diésel,35.98,Ministerio de Energía y Minas
2023-01-09,regular,31.6,Ministerio de Energía y Minas
2023-01-09,superior,33.0,Ministerio de Energía y Minas
2023-01-10,diésel,35.98,Ministerio de Energía y Minas
2023-01-10,regular,31.6,Ministerio de Energía y Minas
2023-01-10,superior,33.0,Ministerio de Energía y Minas
2023-01-11,diésel,35.98,Ministerio de Energía y Minas
2023-01-11,regular,31.6,Ministerio de Energía y Minas
2023-01-11,superior,33.0,Ministerio de Energía y Minas
2023-01-12,diésel,35.98,Ministerio de Energía y Minas
2023-01-12,regular,31.6,Ministerio de Energía y Minas
2023-01-12,superior,33.0,Ministerio de Energía y Minas
2023-01-13,diésel,35.98,Ministerio de Energía y Minas
2023-01-13,regular,31.6,Ministerio de Energía y Minas
2023-01-13,superior,33.0,Ministerio de Energía y Minas
2023-01-14,diésel,35.98,Ministerio de Energía y Minas
2023-01-14,regular,31.6,Ministerio de Energía y Minas
2023-01-14,superior,33.0,Ministerio de Energía y Minas
2023-01-15,diésel,35.98,Ministerio de Energía y Minas
2023-01-15,regular,31.6,Ministerio de Energía y Minas
2023-01-15,superior,33.0,Ministerio de Energía y Minas
2023-01-16,diésel,35.96,Ministerio de Energía y Minas
2023-01-16,regular,32.58,Ministerio de Energía y Minas
2023-01-16,superior,33.96,Ministerio de Energía y Minas
2023-01-17,diésel,35.96,Ministerio de Energía y Minas
2023-01-17,regular,32.58,Ministerio de Energía y Minas
2023-01-17,superior,33.96,Ministerio de Energía y Minas
2023-01-18,diésel,35.96,Ministerio de Energía y Minas
2023-01-18,regular,32.58,Ministerio de Energía y Minas
2023-01-18,superior,33.96,Ministerio de Energía y Minas
2023-01-19,diésel,35.96,Ministerio de Energía y Minas
2023-01-19,regular,32.58,Ministerio de Energía y Minas
2023-01-19,superior,33.96,Ministerio de Energía y Minas
2023-01-20,diésel,35.96,Ministerio de Energía y Minas
2023-01-20,regular,32.58,Ministerio de Energía y Minas
2023-01-20,superior,33.96,Ministerio de Energía y Minas
2023-01-21,diésel,35.96,Ministerio de Energía y Minas
2023-01-21,regular,32.58,Ministerio de Energía y Minas
2023-01-21,superior,33.96,Ministerio de Energía y Minas
2023-01-22,diésel,35.96,Ministerio de Energía y Minas
2023-01-22,regular,32.58,Ministerio de Energía y Minas
2023-01-22,superior,33.96,Ministerio de Energía y Minas
2023-01-23,diésel,35.54,Ministerio de Energía y Minas
2023-01-23,regular,33.63,Ministerio de Energía y Minas
2023-01-23,superior,35.02,Ministerio de Energía y Minas
2023-01-24,diésel,35.54,Ministerio de Energía y Minas
2023-01-24,regular,33.63,Ministerio de Energía y Minas
2023-01-24,superior,35.02,Ministerio de Energía y Minas
2023-01-25,diésel,35.54,Ministerio de Energía y Minas
2023-01-25,regular,33.63,Ministerio de Energía y Minas
2023-01-25,superior,35.02,Ministerio de Energía y Minas
2023-01-26,diésel,35.54,Ministerio de Energía y Minas
2023-01-26,regular,33.63,Ministerio de Energía y Minas
2023-01-26,superior,35.02,Ministerio de Energía y Minas
2023-01-27,diésel,35.54,Ministerio de Energía y Minas
2023-01-27,regular,33.63,Ministerio de Energía y Minas
2023-01-27,superior,35.02,Ministerio de Energía y Minas
2023-01-28,diésel,35.54,Ministerio de Energía y Minas
2023-01-28,regular,33.63,Ministerio de Energía y Minas
2023-01-28,superior,35.02,Ministerio de Energía y Minas
2023-01-29,diésel,35.54,Ministerio de Energía y Minas
2023-01-29,regular,33.63,Ministerio de Energía y Minas
2023-01-29,superior,35.02,Ministerio de Energía y Minas
2023-01-30,diésel,36.18,Ministerio de Energía y Minas
2023-01-30,regular,34.26,Ministerio de Energía y Minas
2023-01-30,superior,35.66,Ministerio de Energía y Minas
2023-01-31,diésel,36.18,Ministerio de Energía y Minas
2023-01-31,regular,34.26,Ministerio de Energía y Minas
2023-01-31,superior,35.66,Ministerio de Energía y Minas
2023-02-01,diésel,36.18,Ministerio de Energía y Minas
2023-02-01,regular,34.26,Ministerio de Energía y Minas
2023-02-01,superior,35.66,Ministerio de Energía y Minas
2023-02-02,diésel,36.18,Ministerio de Energía y Minas
2023-02-02,regular,34.26,Ministerio de Energía y Minas
2023-02-02,superior,35.66,Ministerio de Energía y Minas
2023-02-03,diésel,36.18,Ministerio de Energía y Minas
2023-02-03,regular,34.26,Ministerio de Energía y Minas
2023-02-03,superior,35.66,Ministerio de Energía y Minas
2023-02-04,diésel,36.18,Ministerio de Energía y Minas
2023-02-04,regular,34.26,Ministerio de Energía y Minas
2023-02-04,superior,35.66,Ministerio de Energía y Minas
2023-02-05,diésel,36.18,Ministerio de Energía y Minas
2023-02-05,regular,34.26,Ministerio de Energía y Minas
2023-02-05,superior,35.66,Ministerio de Energía y Minas
2023-02-06,diésel,35.29,Ministerio de Energía y Minas
2023-02-06,regular,33.49,Ministerio de Energía y Minas
2023-02-06,superior,34.94,Ministerio de Energía y Minas
2023-02-07,diésel,35.29,Ministerio de Energía y Minas
2023-02-07,regular,33.49,Ministerio de Energía y Minas
2023-02-07,superior,34.94,Ministerio de Energía y Minas
2023-02-08,diésel,35.29,Ministerio de Energía y Minas
2023-02-08,regular,33.49,Ministerio de Energía y Minas
2023-02-08,superior,34.94,Ministerio de Energía y Minas
2023-02-09,diésel,35.29,Ministerio de Energía y Minas
2023-02-09,regular,33.49,Ministerio de Energía y Minas
2023-02-09,superior,34.94,Ministerio de Energía y Minas
2023-02-10,diésel,35.29,Ministerio de Energía y Minas
2023-02-10,regular,33.49,Ministerio de Energía y Minas
2023-02-10,superior,34.94,Ministerio de Energía y Minas
2023-02-11,diésel,35.29,Ministerio de Energía y Minas
2023-02-11,regular,33.49,Ministerio de Energía y Minas
2023-02-11,superior,34.94,Ministerio de Energía y Minas
2023-02-12,diésel,35.29,Ministerio de Energía y Minas
2023-02-12,regular,33.49,Ministerio de Energía y Minas
2023-02-12,superior,34.94,Ministerio de Energía y Minas
2023-02-13,diésel,33.54,Ministerio de Energía y Minas
2023-02-13,regular,32.74,Ministerio de Energía y Minas
2023-02-13,superior,34.23,Ministerio de Energía y Minas
2023-02-14,diésel,33.54,Ministerio de Energía y Minas
2023-02-14,regular,32.74,Ministerio de Energía y Minas
2023-02-14,superior,34.23,Ministerio de Energía y Minas
2023-02-15,diésel,33.54,Ministerio de Energía y Minas
2023-02-15,regular,32.74,Ministerio de Energía y Minas
2023-02-15,superior,34.23,Ministerio de Energía y Minas
2023-02-16,diésel,33.54,Ministerio de Energía y Minas
2023-02-16,regular,32.74,Ministerio de Energía y Minas
2023-02-16,superior,34.23,Ministerio de Energía y Minas
2023-02-17,diésel,33.54,Ministerio de Energía y Minas
2023-02-17,regular,32.74,Ministerio de Energía y Minas
2023-02-17,superior,34.23,Ministerio de Energía y Minas
2023-02-18,diésel,33.54,Ministerio de Energía y Minas
2023-02-18,regular,32.74,Ministerio de Energía y Minas
2023-02-18,superior,34.23,Ministerio de Energía y Minas
2023-02-19,diésel,33.54,Ministerio de Energía y Minas
2023-02-19,regular,32.74,Ministerio de Energía y Minas
2023-02-19,superior,34.23,Ministerio de Energía y Minas
2023-02-20,diésel,32.14,Ministerio de Energía y Minas
2023-02-20,regular,32.24,Ministerio de Energía y Minas
2023-02-20,superior,33.74,Ministerio de Energía y Minas
2023-02-21,diésel,32.14,Ministerio de Energía y Minas
2023-02-21,regular,32.24,Ministerio de Energía y Minas
2023-02-21,superior,33.74,Ministerio de Energía y Minas
2023-02-22,diésel,32.14,Ministerio de Energía y Minas
2023-02-22,regular,32.24,Ministerio de Energía y Minas
2023-02-22,superior,33.74,Ministerio de Energía y Minas
2023-02-23,diésel,32.14,Ministerio de Energía y Minas
2023-02-23,regular,32.24,Ministerio de Energía y Minas
2023-02-23,superior,33.74,Ministerio de Energía y Minas
2023-02-24,diésel,32.14,Ministerio de Energía y Minas
2023-02-24,regular,32.24,Ministerio de Energía y Minas
2023-02-24,superior,33.74,Ministerio de Energía y Minas
2023-02-25,diésel,32.14,Ministerio de Energía y Minas
2023-02-25,regular,32.24,Ministerio de Energía y Minas
2023-02-25,superior,33.74,Ministerio de Energía y Minas
2023-02-26,diésel,32.14,Ministerio de Energía y Minas
2023-02-26,regular,32.24,Ministerio de Energía y Minas
2023-02-26,superior,33.74,Ministerio de Energía y Minas
2023-02-27,diésel,31.11,Ministerio de Energía y Minas
2023-02-27,regular,31.84,Ministerio de Energía y Minas
2023-02-27,superior,33.33,Ministerio de Energía y Minas
2023-02-28,diésel,31.11,Ministerio de Energía y Minas
2023-02-28,regular,31.84,Ministerio de Energía y Minas
2023-02-28,superior,33.33,Ministerio de Energía y Minas
2023-03-01,diésel,31.11,Ministerio de Energía y Minas
2023-03-01,regular,31.84,Ministerio de Energía y Minas
2023-03-01,superior,33.33,Ministerio de Energía y Minas
2023-03-02,diésel,31.11,Ministerio de Energía y Minas
2023-03-02,regular,31.84,Ministerio de Energía y Minas
2023-03-02,superior,33.33,Ministerio de Energía y Minas
2023-03-03,diésel,31.11,Ministerio de Energía y Minas
2023-03-03,regular,31.84,Ministerio de Energía y Minas
2023-03-03,superior,33.33,Ministerio de Energía y Minas
2023-03-04,diésel,31.11,Ministerio de Energía y Minas
2023-03-04,regular,31.84,Ministerio de Energía y Minas
2023-03-04,superior,33.33,Ministerio de Energía y Minas
2023-03-05,diésel,31.11,Ministerio de Energía y Minas
2023-03-05,regular,31.84,Ministerio de Energía y Minas
2023-03-05,superior,33.33,Ministerio de Energía y Minas
2023-03-06,diésel,31.0,Ministerio de Energía y Minas
2023-03-06,regular,31.8,Ministerio de Energía y Minas
2023-03-06,superior,33.3,Ministerio de Energía y Minas
2023-03-07,diésel,31.0,Ministerio de Energía y Minas
2023-03-07,regular,31.8,Ministerio de Energía y Minas
2023-03-07,superior,33.3,Ministerio de Energía y Minas
2023-03-08,diésel,31.0,Ministerio de Energía y Minas
2023-03-08,regular,31.8,Ministerio de Energía y Minas
2023-03-08,superior,33.3,Ministerio de Energía y Minas
2023-03-09,diésel,31.0,Ministerio de Energía y Minas
2023-03-09,regular,31.8,Ministerio de Energía y Minas
2023-03-09,superior,33.3,Ministerio de Energía y Minas
2023-03-10,diésel,31.0,Ministerio de Energía y Minas
2023-03-10,regular,31.8,Ministerio de Energía y Minas
2023-03-10,superior,33.3,Ministerio de Energía y Minas
2023-03-11,diésel,31.0,Ministerio de Energía y Minas
2023-03-11,regular,31.8,Ministerio de Energía y Minas
2023-03-11,superior,33.3,Ministerio de Energía y Minas
2023-03-12,diésel,31.0,Ministerio de Energía y Minas
2023-03-12,regular,31.8,Ministerio de Energía y Minas
2023-03-12,superior,33.3,Ministerio de Energía y Minas
2023-03-13,diésel,31.01,Ministerio de Energía y Minas
2023-03-13,regular,32.18,Ministerio de Energía y Minas
2023-03-13,superior,33.77,Ministerio de Energía y Minas
2023-03-14,diésel,31.01,Ministerio de Energía y Minas
2023-03-14,regular,32.18,Ministerio de Energía y Minas
2023-03-14,superior,33.77,Ministerio de Energía y Minas
2023-03-15,diésel,31.01,Ministerio de Energía y Minas
2023-03-15,regular,32.18,Ministerio de Energía y Minas
2023-03-15,superior,33.77,Ministerio de Energía y Minas
2023-03-16,diésel,31.01,Ministerio de Energía y Minas
2023-03-16,regular,32.18,Ministerio de Energía y Minas
2023-03-16,superior,33.77,Ministerio de Energía y Minas
2023-03-17,diésel,31.01,Ministerio de Energía y Minas
2023-03-17,regular,32.18,Ministerio de Energía y Minas
2023-03-17,superior,33.77,Ministerio de Energía y Minas
2023-03-18,diésel,31.01,Ministerio de Energía y Minas
2023-03-18,regular,32.18,Ministerio de Energía y Minas
2023-03-18,superior,33.77,Ministerio de Energía y Minas
2023-03-19,diésel,31.01,Ministerio de Energía y Minas
2023-03-19,regular,32.18,Ministerio de Energía y Minas
2023-03-19,superior,33.77,Ministerio de Energía y Minas
2023-03-20,diésel,30.63,Ministerio de Energía y Minas
2023-03-20,regular,31.45,Ministerio de Energía y Minas
2023-03-20,superior,33.04,Ministerio de Energía y Minas
2023-03-21,diésel,30.63,Ministerio de Energía y Minas
2023-03-21,regular,31.45,Ministerio de Energía y Minas
2023-03-21,superior,33.04,Ministerio de Energía y Minas
2023-03-22,diésel,30.63,Ministerio de Energía y Minas
2023-03-22,regular,31.45,Ministerio de Energía y Minas
2023-03-22,superior,33.04,Ministerio de Energía y Minas
2023-03-23,diésel,30.63,Ministerio de Energía y Minas
2023-03-23,regular,31.45,Ministerio de Energía y Minas
2023-03-23,superior,33.04,Ministerio de Energía y Minas
2023-03-24,diésel,30.63,Ministerio de Energía y Minas
2023-03-24,regular,31.45,Ministerio de Energía y Minas
2023-03-24,superior,33.04,Ministerio de Energía y Minas
2023-03-25,diésel,30.63,Ministerio de Energía y Minas
2023-03-25,regular,31.45,Ministerio de Energía y Minas
2023-03-25,superior,33.04,Ministerio de Energía y Minas
2023-03-26,diésel,30.63,Ministerio de Energía y Minas
2023-03-26,regular,31.45,Ministerio de Energía y Minas
2023-03-26,superior,33.04,Ministerio de Energía y Minas
2023-03-27,diésel,30.01,Ministerio de Energía y Minas
2023-03-27,regular,31.88,Ministerio de Energía y Minas
2023-03-27,superior,33.49,Ministerio de Energía y Minas
2023-03-28,diésel,30.01,Ministerio de Energía y Minas
2023-03-28,regular,31.88,Ministerio de Energía y Minas
2023-03-28,superior,33.49,Ministerio de Energía y Minas
2023-03-29,diésel,30.01,Ministerio de Energía y Minas
2023-03-29,regular,31.88,Ministerio de Energía y Minas
2023-03-29,superior,33.49,Ministerio de Energía y Minas
2023-03-30,diésel,30.01,Ministerio de Energía y Minas
2023-03-30,regular,31.88,Ministerio de Energía y Minas
2023-03-30,superior,33.49,Ministerio de Energía y Minas
2023-03-31,diésel,30.01,Ministerio de Energía y Minas
2023-03-31,regular,31.88,Ministerio de Energía y Minas
2023-03-31,superior,33.49,Ministerio de Energía y Minas
2023-04-01,diésel,30.01,Ministerio de Energía y Minas
2023-04-01,regular,31.88,Ministerio de Energía y Minas
2023-04-01,superior,33.49,Ministerio de Energía y Minas
2023-04-02,diésel,30.01,Ministerio de Energía y Minas
2023-04-02,regular,31.88,Ministerio de Energía y Minas
2023-04-02,superior,33.49,Ministerio de Energía y Minas
2023-04-03,diésel,30.02,Ministerio de Energía y Minas
2023-04-03,regular,32.86,Ministerio de Energía y Minas
2023-04-03,superior,34.46,Ministerio de Energía y Minas
2023-04-04,diésel,30.02,Ministerio de Energía y Minas
2023-04-04,regular,32.86,Ministerio de Energía y Minas
2023-04-04,superior,34.46,Ministerio de Energía y Minas
2023-04-05,diésel,30.02,Ministerio de Energía y Minas
2023-04-05,regular,32.86,Ministerio de Energía y Minas
2023-04-05,superior,34.46,Ministerio de Energía y Minas
2023-04-06,diésel,30.02,Ministerio de Energía y Minas
2023-04-06,regular,32.86,Ministerio de Energía y Minas
2023-04-06,superior,34.46,Ministerio de Energía y Minas
2023-04-07,diésel,30.02,Ministerio de Energía y Minas
2023-04-07,regular,32.86,Ministerio de Energía y Minas
2023-04-07,superior,34.46,Ministerio de Energía y Minas
2023-04-08,diésel,30.02,Ministerio de Energía y Minas
2023-04-08,regular,32.86,Ministerio de Energía y Minas
2023-04-08,superior,34.46,Ministerio de Energía y Minas
2023-04-09,diésel,30.02,Ministerio de Energía y Minas
2023-04-09,regular,32.86,Ministerio de Energía y Minas
2023-04-09,superior,34.46,Ministerio de Energía y Minas
2023-04-10,diésel,30.0,Ministerio de Energía y Minas
2023-04-10,regular,33.4,Ministerio de Energía y Minas
2023-04-10,superior,34.99,Ministerio de Energía y Minas
2023-04-11,diésel,30.0,Ministerio de Energía y Minas
2023-04-11,regular,33.4,Ministerio de Energía y Minas
2023-04-11,superior,34.99,Ministerio de Energía y Minas
2023-04-12,diésel,30.0,Ministerio de Energía y Minas
2023-04-12,regular,33.4,Ministerio de Energía y Minas
2023-04-12,superior,34.99,Ministerio de Energía y Minas
2023-04-13,diésel,30.0,Ministerio de Energía y Minas
2023-04-13,regular,33.4,Ministerio de Energía y Minas
2023-04-13,superior,34.99,Ministerio de Energía y Minas
2023-04-14,diésel,30.0,Ministerio de Energía y Minas
2023-04-14,regular,33.4,Ministerio de Energía y Minas
2023-04-14,superior,34.99,Ministerio de Energía y Minas
2023-04-15,diésel,30.0,Ministerio de Energía y Minas
2023-04-15,regular,33.4,Ministerio de Energía y Minas
2023-04-15,superior,34.99,Ministerio de Energía y Minas
2023-04-16,diésel,30.0,Ministerio de Energía y Minas
2023-04-16,regular,33.4,Ministerio de Energía y Minas
2023-04-16,superior,34.99,Ministerio de Energía y Minas
2023-04-17,diésel,29.78,Ministerio de Energía y Minas
2023-04-17,regular,34.36,Ministerio de Energía y Minas
2023-04-17,superior,35.98,Ministerio de Energía y Minas
2023-04-18,diésel,29.78,Ministerio de Energía y Minas
2023-04-18,regular,34.36,Ministerio de Energía y Minas
2023-04-18,superior,35.98,Ministerio de Energía y Minas
2023-04-19,diésel,29.78,Ministerio de Energía y Minas
2023-04-19,regular,34.36,Ministerio de Energía y Minas
2023-04-19,superior,35.98,Ministerio de Energía y Minas
2023-04-20,diésel,29.78,Ministerio de Energía y Minas
2023-04-20,regular,34.36,Ministerio de Energía y Minas
2023-04-20,superior,35.98,Ministerio de Energía y Minas
2023-04-21,diésel,29.78,Ministerio de Energía y Minas
2023-04-21,regular,34.36,Ministerio de Energía y Minas
2023-04-21,superior,35.98,Ministerio de Energía y Minas
2023-04-22,diésel,29.78,Ministerio de Energía y Minas
2023-04-22,regular,34.36,Ministerio de Energía y Minas
2023-04-22,superior,35.98,Ministerio de Energía y Minas
2023-04-23,diésel,29.78,Ministerio de Energía y Minas
2023-04-23,regular,34.36,Ministerio de Energía y Minas
2023-04-23,superior,35.98,Ministerio de Energía y Minas
2023-04-24,diésel,29.32,Ministerio de Energía y Minas
2023-04-24,regular,34.31,Ministerio de Energía y Minas
2023-04-24,superior,35.91,Ministerio de Energía y Minas
2023-04-25,diésel,29.32,Ministerio de Energía y Minas
2023-04-25,regular,34.31,Ministerio de Energía y Minas
2023-04-25,superior,35.91,Ministerio de Energía y Minas
2023-04-26,diésel,29.32,Ministerio de Energía y Minas
2023-04-26,regular,34.31,Ministerio de Energía y Minas
2023-04-26,superior,35.91,Ministerio de Energía y Minas
2023-04-27,diésel,29.32,Ministerio de Energía y Minas
2023-04-27,regular,34.31,Ministerio de Energía y Minas
2023-04-27,superior,35.91,Ministerio de Energía y Minas
2023-04-28,diésel,29.32,Ministerio de Energía y Minas
2023-04-28,regular,34.31,Ministerio de Energía y Minas
2023-04-28,superior,35.91,Ministerio de Energía y Minas
2023-04-29,diésel,29.32,Ministerio de Energía y Minas
2023-04-29,regular,34.31,Ministerio de Energía y Minas
2023-04-29,superior,35.91,Ministerio de Energía y Minas
2023-04-30,diésel,29.32,Ministerio de Energía y Minas
2023-04-30,regular,34.31,Ministerio de Energía y Minas
2023-04-30,superior,35.91,Ministerio de Energía y Minas
2023-05-01,diésel,29.32,Ministerio de Energía y Minas
2023-05-01,regular,34.31,Ministerio de Energía y Minas
2023-05-01,superior,35.91,Ministerio de Energía y Minas
2023-05-02,diésel,28.43,Ministerio de Energía y Minas
2023-05-02,regular,33.46,Ministerio de Energía y Minas
2023-05-02,superior,35.08,Ministerio de Energía y Minas
2023-05-03,diésel,28.43,Ministerio de Energía y Minas
2023-05-03,regular,33.46,Ministerio de Energía y Minas
2023-05-03,superior,35.08,Ministerio de Energía y Minas
2023-05-04,diésel,28.43,Ministerio de Energía y Minas
2023-05-04,regular,33.46,Ministerio de Energía y Minas
2023-05-04,superior,35.08,Ministerio de Energía y Minas
2023-05-05,diésel,28.43,Ministerio de Energía y Minas
2023-05-05,regular,33.46,Ministerio de Energía y Minas
2023-05-05,superior,35.08,Ministerio de Energía y Minas
2023-05-06,diésel,28.43,Ministerio de Energía y Minas
2023-05-06,regular,33.46,Ministerio de Energía y Minas
2023-05-06,superior,35.08,Ministerio de Energía y Minas
2023-05-07,diésel,28.43,Ministerio de Energía y Minas
2023-05-07,regular,33.46,Ministerio de Energía y Minas
2023-05-07,superior,35.08,Ministerio de Energía y Minas
2023-05-08,diésel,27.68,Ministerio de Energía y Minas
2023-05-08,regular,32.8,Ministerio de Energía y Minas
2023-05-08,superior,34.31,Ministerio de Energía y Minas
2023-05-09,diésel,27.68,Ministerio de Energía y Minas
2023-05-09,regular,32.8,Ministerio de Energía y Minas
2023-05-09,superior,34.31,Ministerio de Energía y Minas
2023-05-10,diésel,27.68,Ministerio de Energía y Minas
2023-05-10,regular,32.8,Ministerio de Energía y Minas
2023-05-10,superior,34.31,Ministerio de Energía y Minas
2023-05-11,diésel,27.68,Ministerio de Energía y Minas
2023-05-11,regular,32.8,Ministerio de Energía y Minas
2023-05-11,superior,34.31,Ministerio de Energía y Minas
2023-05-12,diésel,27.68,Ministerio de Energía y Minas
2023-05-12,regular,32.8,Ministerio de Energía y Minas
2023-05-12,superior,34.31,Ministerio de Energía y Minas
2023-05-13,diésel,27.68,Ministerio de Energía y Minas
2023-05-13,regular,32.8,Ministerio de Energía y Minas
2023-05-13,superior,34.31,Ministerio de Energía y Minas
2023-05-14,diésel,27.68,Ministerio de Energía y Minas
2023-05-14,regular,32.8,Ministerio de Energía y Minas
2023-05-14,superior,34.31,Ministerio de Energía y Minas
2023-05-15,diésel,27.02,Ministerio de Energía y Minas
2023-05-15,regular,31.98,Ministerio de Energía y Minas
2023-05-15,superior,33.49,Ministerio de Energía y Minas
2023-05-16,diésel,27.02,Ministerio de Energía y Minas
2023-05-16,regular,31.98,Ministerio de Energía y Minas
2023-05-16,superior,33.49,Ministerio de Energía y Minas
2023-05-17,diésel,27.02,Ministerio de Energía y Minas
2023-05-17,regular,31.98,Ministerio de Energía y Minas
2023-05-17,superior,33.49,Ministerio de Energía y Minas
2023-05-18,diésel,27.02,Ministerio de Energía y Minas
2023-05-18,regular,31.98,Ministerio de Energía y Minas
2023-05-18,superior,33.49,Ministerio de Energía y Minas
2023-05-19,diésel,27.02,Ministerio de Energía y Minas
2023-05-19,regular,31.98,Ministerio de Energía y Minas
2023-05-19,superior,33.49,Ministerio de Energía y Minas
2023-05-20,diésel,27.02,Ministerio de Energía y Minas
2023-05-20,regular,31.98,Ministerio de Energía y Minas
2023-05-20,superior,33.49,Ministerio de Energía y Minas
2023-05-21,diésel,27.02,Ministerio de Energía y Minas
2023-05-21,regular,31.98,Ministerio de Energía y Minas
2023-05-21,superior,33.49,Ministerio de Energía y Minas
2023-05-22,diésel,27.01,Ministerio de Energía y Minas
2023-05-22,regular,31.97,Ministerio de Energía y Minas
2023-05-22,superior,33.35,Ministerio de Energía y Minas
2023-05-23,diésel,27.01,Ministerio de Energía y Minas
2023-05-23,regular,31.97,Ministerio de Energía y Minas
2023-05-23,superior,33.35,Ministerio de Energía y Minas
2023-05-24,diésel,27.01,Ministerio de Energía y Minas
2023-05-24,regular,31.97,Ministerio de Energía y Minas
2023-05-24,superior,33.35,Ministerio de Energía y Minas
2023-05-25,diésel,27.01,Ministerio de Energía y Minas
2023-05-25,regular,31.97,Ministerio de Energía y Minas
2023-05-25,superior,33.35,Ministerio de Energía y Minas
2023-05-26,diésel,27.01,Ministerio de Energía y Minas
2023-05-26,regular,31.97,Ministerio de Energía y Minas
2023-05-26,superior,33.35,Ministerio de Energía y Minas
2023-05-27,diésel,27.01,Ministerio de Energía y Minas
2023-05-27,regular,31.97,Ministerio de Energía y Minas
2023-05-27,superior,33.35,Ministerio de Energía y Minas
2023-05-28,diésel,27.01,Ministerio de Energía y Minas
2023-05-28,regular,31.97,Ministerio de Energía y Minas
2023-05-28,superior,33.35,Ministerio de Energía y Minas
2023-05-29,diésel,27.0,Ministerio de Energía y Minas
2023-05-29,regular,31.99,Ministerio de Energía y Minas
2023-05-29,superior,33.3,Ministerio de Energía y Minas
2023-05-30,diésel,27.0,Ministerio de Energía y Minas
2023-05-30,regular,31.99,Ministerio de Energía y Minas
2023-05-30,superior,33.3,Ministerio de Energía y Minas
2023-05-31,diésel,27.0,Ministerio de Energía y Minas
2023-05-31,regular,31.99,Ministerio de Energía y Minas
2023-05-31,superior,33.3,Ministerio de Energía y Minas
2023-06-01,diésel,27.0,Ministerio de Energía y Minas
2023-06-01,regular,31.99,Ministerio de Energía y Minas
2023-06-01,superior,33.3,Ministerio de Energía y Minas
2023-06-02,diésel,27.0,Ministerio de Energía y Minas
2023-06-02,regular,31.99,Ministerio de Energía y Minas
2023-06-02,superior,33.3,Ministerio de Energía y Minas
2023-06-03,diésel,27.0,Ministerio de Energía y Minas
2023-06-03,regular,31.99,Ministerio de Energía y Minas
2023-06-03,superior,33.3,Ministerio de Energía y Minas
2023-06-04,diésel,27.0,Ministerio de Energía y Minas
2023-06-04,regular,31.99,Ministerio de Energía y Minas
2023-06-04,superior,33.3,Ministerio de Energía y Minas
2023-06-05,diésel,26.56,Ministerio de Energía y Minas
2023-06-05,regular,31.97,Ministerio de Energía y Minas
2023-06-05,superior,33.3,Ministerio de Energía y Minas
2023-06-06,diésel,26.56,Ministerio de Energía y Minas
2023-06-06,regular,31.97,Ministerio de Energía y Minas
2023-06-06,superior,33.3,Ministerio de Energía y Minas
2023-06-07,diésel,26.56,Ministerio de Energía y Minas
2023-06-07,regular,31.97,Ministerio de Energía y Minas
2023-06-07,superior,33.3,Ministerio de Energía y Minas
2023-06-08,diésel,26.56,Ministerio de Energía y Minas
2023-06-08,regular,31.97,Ministerio de Energía y Minas
2023-06-08,superior,33.3,Ministerio de Energía y Minas
2023-06-09,diésel,26.56,Ministerio de Energía y Minas
2023-06-09,regular,31.97,Ministerio de Energía y Minas
2023-06-09,superior,33.3,Ministerio de Energía y Minas
2023-06-10,diésel,26.56,Ministerio de Energía y Minas
2023-06-10,regular,31.97,Ministerio de Energía y Minas
2023-06-10,superior,33.3,Ministerio de Energía y Minas
2023-06-11,diésel,26.56,Ministerio de Energía y Minas
2023-06-11,regular,31.97,Ministerio de Energía y Minas
2023-06-11,superior,33.3,Ministerio de Energía y Minas
2023-06-12,diésel,26.3,Ministerio de Energía y Minas
2023-06-12,regular,31.78,Ministerio de Energía y Minas
2023-06-12,superior,33.1,Ministerio de Energía y Minas
2023-06-13,diésel,26.3,Ministerio de Energía y Minas
2023-06-13,regular,31.78,Ministerio de Energía y Minas
2023-06-13,superior,33.1,Ministerio de Energía y Minas
2023-06-14,diésel,26.3,Ministerio de Energía y Minas
2023-06-14,regular,31.78,Ministerio de Energía y Minas
2023-06-14,superior,33.1,Ministerio de Energía y Minas
2023-06-15,diésel,26.3,Ministerio de Energía y Minas
2023-06-15,regular,31.78,Ministerio de Energía y Minas
2023-06-15,superior,33.1,Ministerio de Energía y Minas
2023-06-16,diésel,26.3,Ministerio de Energía y Minas
2023-06-16,regular,31.78,Ministerio de Energía y Minas
2023-06-16,superior,33.1,Ministerio de Energía y Minas
2023-06-17,diésel,26.3,Ministerio de Energía y Minas
2023-06-17,regular,31.78,Ministerio de Energía y Minas
2023-06-17,superior,33.1,Ministerio de Energía y Minas
2023-06-18,diésel,26.3,Ministerio de Energía y Minas
2023-06-18,regular,31.78,Ministerio de Energía y Minas
2023-06-18,superior,33.1,Ministerio de Energía y Minas
2023-06-19,diésel,26.25,Ministerio de Energía y Minas
2023-06-19,regular,31.79,Ministerio de Energía y Minas
2023-06-19,superior,33.08,Ministerio de Energía y Minas
2023-06-20,diésel,26.25,Ministerio de Energía y Minas
2023-06-20,regular,31.79,Ministerio de Energía y Minas
2023-06-20,superior,33.08,Ministerio de Energía y Minas
2023-06-21,diésel,26.25,Ministerio de Energía y Minas
2023-06-21,regular,31.79,Ministerio de Energía y Minas
2023-06-21,superior,33.08,Ministerio de Energía y Minas
2023-06-22,diésel,26.25,Ministerio de Energía y Minas
2023-06-22,regular,31.79,Ministerio de Energía y Minas
2023-06-22,superior,33.08,Ministerio de Energía y Minas
2023-06-23,diésel,26.25,Ministerio de Energía y Minas
2023-06-23,regular,31.79,Ministerio de Energía y Minas
2023-06-23,superior,33.08,Ministerio de Energía y Minas
2023-06-24,diésel,26.25,Ministerio de Energía y Minas
2023-06-24,regular,31.79,Ministerio de Energía y Minas
2023-06-24,superior,33.08,Ministerio de Energía y Minas
2023-06-25,diésel,26.25,Ministerio de Energía y Minas
2023-06-25,regular,31.79,Ministerio de Energía y Minas
2023-06-25,superior,33.08,Ministerio de Energía y Minas
2023-06-26,diésel,26.25,Ministerio de Energía y Minas
2023-06-26,regular,31.79,Ministerio de Energía y Minas
2023-06-26,superior,33.08,Ministerio de Energía y Minas
2023-06-27,diésel,27.0,Ministerio de Energía y Minas
2023-06-27,regular,32.66,Ministerio de Energía y Minas
2023-06-27,superior,34.16,Ministerio de Energía y Minas
2023-06-28,diésel,27.0,Ministerio de Energía y Minas
2023-06-28,regular,32.66,Ministerio de Energía y Minas
2023-06-28,superior,34.16,Ministerio de Energía y Minas
2023-06-29,diésel,27.0,Ministerio de Energía y Minas
2023-06-29,regular,32.66,Ministerio de Energía y Minas
2023-06-29,superior,34.16,Ministerio de Energía y Minas
2023-06-30,diésel,27.0,Ministerio de Energía y Minas
2023-06-30,regular,32.66,Ministerio de Energía y Minas
2023-06-30,superior,34.16,Ministerio de Energía y Minas
2023-07-01,diésel,27.0,Ministerio de Energía y Minas
2023-07-01,regular,32.66,Ministerio de Energía y Minas
2023-07-01,superior,34.16,Ministerio de Energía y Minas
2023-07-02,diésel,27.0,Ministerio de Energía y Minas
2023-07-02,regular,32.66,Ministerio de Energía y Minas
2023-07-02,superior,34.16,Ministerio de Energía y Minas
2023-07-03,diésel,27.0,Ministerio de Energía y Minas
2023-07-03,regular,32.66,Ministerio de Energía y Minas
2023-07-03,superior,34.16,Ministerio de Energía y Minas
2023-07-04,diésel,26.97,Ministerio de Energía y Minas
2023-07-04,regular,32.01,Ministerio de Energía y Minas
2023-07-04,superior,33.52,Ministerio de Energía y Minas
2023-07-05,diésel,26.97,Ministerio de Energía y Minas
2023-07-05,regular,32.01,Ministerio de Energía y Minas
2023-07-05,superior,33.52,Ministerio de Energía y Minas
2023-07-06,diésel,26.97,Ministerio de Energía y Minas
2023-07-06,regular,32.01,Ministerio de Energía y Minas
2023-07-06,superior,33.52,Ministerio de Energía y Minas
2023-07-07,diésel,26.97,Ministerio de Energía y Minas
2023-07-07,regular,32.01,Ministerio de Energía y Minas
2023-07-07,superior,33.52,Ministerio de Energía y Minas
2023-07-08,diésel,26.97,Ministerio de Energía y Minas
2023-07-08,regular,32.01,Ministerio de Energía y Minas
2023-07-08,superior,33.52,Ministerio de Energía y Minas
2023-07-09,diésel,26.97,Ministerio de Energía y Minas
2023-07-09,regular,32.01,Ministerio de Energía y Minas
2023-07-09,superior,33.52,Ministerio de Energía y Minas
2023-07-10,diésel,26.96,Ministerio de Energía y Minas
2023-07-10,regular,32.01,Ministerio de Energía y Minas
2023-07-10,superior,33.51,Ministerio de Energía y Minas
2023-07-11,diésel,26.96,Ministerio de Energía y Minas
2023-07-11,regular,32.01,Ministerio de Energía y Minas
2023-07-11,superior,33.51,Ministerio de Energía y Minas
2023-07-12,diésel,26.96,Ministerio de Energía y Minas
2023-07-12,regular,32.01,Ministerio de Energía y Minas
2023-07-12,superior,33.51,Ministerio de Energía y Minas
2023-07-13,diésel,26.96,Ministerio de Energía y Minas
2023-07-13,regular,32.01,Ministerio de Energía y Minas
2023-07-13,superior,33.51,Ministerio de Energía y Minas
2023-07-14,diésel,26.96,Ministerio de Energía y Minas
2023-07-14,regular,32.01,Ministerio de Energía y Minas
2023-07-14,superior,33.51,Ministerio de Energía y Minas
2023-07-15,diésel,26.96,Ministerio de Energía y Minas
2023-07-15,regular,32.01,Ministerio de Energía y Minas
2023-07-15,superior,33.51,Ministerio de Energía y Minas
2023-07-16,diésel,26.96,Ministerio de Energía y Minas
2023-07-16,regular,32.01,Ministerio de Energía y Minas
2023-07-16,superior,33.51,Ministerio de Energía y Minas
2023-07-17,diésel,27.47,Ministerio de Energía y Minas
2023-07-17,regular,32.28,Ministerio de Energía y Minas
2023-07-17,superior,33.78,Ministerio de Energía y Minas
2023-07-18,diésel,27.47,Ministerio de Energía y Minas
2023-07-18,regular,32.28,Ministerio de Energía y Minas
2023-07-18,superior,33.78,Ministerio de Energía y Minas
2023-07-19,diésel,27.47,Ministerio de Energía y Minas
2023-07-19,regular,32.28,Ministerio de Energía y Minas
2023-07-19,superior,33.78,Ministerio de Energía y Minas
2023-07-20,diésel,27.47,Ministerio de Energía y Minas
2023-07-20,regular,32.28,Ministerio de Energía y Minas
2023-07-20,superior,33.78,Ministerio de Energía y Minas
2023-07-21,diésel,27.47,Ministerio de Energía y Minas
2023-07-21,regular,32.28,Ministerio de Energía y Minas
2023-07-21,superior,33.78,Ministerio de Energía y Minas
2023-07-22,diésel,27.47,Ministerio de Energía y Minas
2023-07-22,regular,32.28,Ministerio de Energía y Minas
2023-07-22,superior,33.78,Ministerio de Energía y Minas
2023-07-23,diésel,27.47,Ministerio de Energía y Minas
2023-07-23,regular,32.28,Ministerio de Energía y Minas
2023-07-23,superior,33.78,Ministerio de Energía y Minas
2023-07-24,diésel,28.47,Ministerio de Energía y Minas
2023-07-24,regular,33.28,Ministerio de Energía y Minas
2023-07-24,superior,34.78,Ministerio de Energía y Minas
2023-07-25,diésel,28.47,Ministerio de Energía y Minas
2023-07-25,regular,33.28,Ministerio de Energía y Minas
2023-07-25,superior,34.78,Ministerio de Energía y Minas
2023-07-26,diésel,28.47,Ministerio de Energía y Minas
2023-07-26,regular,33.28,Ministerio de Energía y Minas
2023-07-26,superior,34.78,Ministerio de Energía y Minas
2023-07-27,diésel,28.47,Ministerio de Energía y Minas
2023-07-27,regular,33.28,Ministerio de Energía y Minas
2023-07-27,superior,34.78,Ministerio de Energía y Minas
2023-07-28,diésel,28.47,Ministerio de Energía y Minas
2023-07-28,regular,33.28,Ministerio de Energía y Minas
2023-07-28,superior,34.78,Ministerio de Energía y Minas
2023-07-29,diésel,28.47,Ministerio de Energía y Minas
2023-07-29,regular,33.28,Ministerio de Energía y Minas
2023-07-29,superior,34.78,Ministerio de Energía y Minas
2023-07-30,diésel,28.47,Ministerio de Energía y Minas
2023-07-30,regular,33.28,Ministerio de Energía y Minas
2023-07-30,superior,34.78,Ministerio de Energía y Minas
2023-07-31,bunker,20.54,Ministerio de Energía y Minas
2023-07-31,diésel,29.68,Ministerio de Energía y Minas
2023-07-31,regular,34.77,Ministerio de Energía y Minas
2023-07-31,superior,36.28,Ministerio de Energía y Minas
2023-08-01,bunker,20.54,Ministerio de Energía y Minas
2023-08-01,diésel,29.68,Ministerio de Energía y Minas
2023-08-01,regular,34.77,Ministerio de Energía y Minas
2023-08-01,superior,36.28,Ministerio de Energía y Minas
2023-08-02,bunker,20.54,Ministerio de Energía y Minas
2023-08-02,diésel,29.68,Ministerio de Energía y Minas
2023-08-02,regular,34.77,Ministerio de Energía y Minas
2023-08-02,superior,36.28,Ministerio de Energía y Minas
2023-08-03,bunker,20.54,Ministerio de Energía y Minas
2023-08-03,diésel,29.68,Ministerio de Energía y Minas
2023-08-03,regular,34.77,Ministerio de Energía y Minas
2023-08-03,superior,36.28,Ministerio de Energía y Minas
2023-08-04,bunker,20.54,Ministerio de Energía y Minas
2023-08-04,diésel,29.68,Ministerio de Energía y Minas
2023-08-04,regular,34.77,Ministerio de Energía y Minas
2023-08-04,superior,36.28,Ministerio de Energía y Minas
2023-08-05,bunker,20.54,Ministerio de Energía y Minas
2023-08-05,diésel,29.68,Ministerio de Energía y Minas
2023-08-05,regular,34.77,Ministerio de Energía y Minas
2023-08-05,superior,36.28,Ministerio de Energía y Minas
2023-08-06,bunker,20.54,Ministerio de Energía y Minas
2023-08-06,diésel,29.68,Ministerio de Energía y Minas
2023-08-06,regular,34.77,Ministerio de Energía y Minas
2023-08-06,superior,36.28,Ministerio de Energía y Minas
2023-08-07,diésel,30.97,Ministerio de Energía y Minas
2023-08-07,regular,35.97,Ministerio de Energía y Minas
2023-08-07,superior,37.47,Ministerio de Energía y Minas
2023-08-08,diésel,30.97,Ministerio de Energía y Minas
2023-08-08,regular,35.97,Ministerio de Energía y Minas
2023-08-08,superior,37.47,Ministerio de Energía y Minas
2023-08-09,diésel,30.97,Ministerio de Energía y Minas
2023-08-09,regular,35.97,Ministerio de Energía y Minas
2023-08-09,superior,37.47,Ministerio de Energía y Minas
2023-08-10,diésel,30.97,Ministerio de Energía y Minas
2023-08-10,regular,35.97,Ministerio de Energía y Minas
2023-08-10,superior,37.47,Ministerio de Energía y Minas
2023-08-11,diésel,30.97,Ministerio de Energía y Minas
2023-08-11,regular,35.97,Ministerio de Energía y Minas
2023-08-11,superior,37.47,Ministerio de Energía y Minas
2023-08-12,diésel,30.97,Ministerio de Energía y Minas
2023-08-12,regular,35.97,Ministerio de Energía y Minas
2023-08-12,superior,37.47,Ministerio de Energía y Minas
2023-08-13,diésel,30.97,Ministerio de Energía y Minas
2023-08-13,regular,35.97,Ministerio de Energía y Minas
2023-08-13,superior,37.47,Ministerio de Energía y Minas
2023-08-14,bunker,20.65,Ministerio de Energía y Minas
2023-08-14,diésel,31.89,Ministerio de Energía y Minas
2023-08-14,regular,35.97,Ministerio de Energía y Minas
2023-08-14,superior,37.47,Ministerio de Energía y Minas
2023-08-15,bunker,20.65,Ministerio de Energía y Minas
2023-08-15,diésel,31.89,Ministerio de Energía y Minas
2023-08-15,regular,35.97,Ministerio de Energía y Minas
2023-08-15,superior,37.47,Ministerio de Energía y Minas
2023-08-16,bunker,20.65,Ministerio de Energía y Minas
2023-08-16,diésel,31.89,Ministerio de Energía y Minas
2023-08-16,regular,35.97,Ministerio de Energía y Minas
2023-08-16,superior,37.47,Ministerio de Energía y Minas
2023-08-17,bunker,20.65,Ministerio de Energía y Minas
2023-08-17,diésel,31.89,Ministerio de Energía y Minas
2023-08-17,regular,35.97,Ministerio de Energía y Minas
2023-08-17,superior,37.47,Ministerio de Energía y Minas
2023-08-18,bunker,20.65,Ministerio de Energía y Minas
2023-08-18,diésel,31.89,Ministerio de Energía y Minas
2023-08-18,regular,35.97,Ministerio de Energía y Minas
2023-08-18,superior,37.47,Ministerio de Energía y Minas
2023-08-19,bunker,20.65,Ministerio de Energía y Minas
2023-08-19,diésel,31.89,Ministerio de Energía y Minas
2023-08-19,regular,35.97,Ministerio de Energía y Minas
2023-08-19,superior,37.47,Ministerio de Energía y Minas
2023-08-20,bunker,20.65,Ministerio de Energía y Minas
2023-08-20,diésel,31.89,Ministerio de Energía y Minas
2023-08-20,regular,35.97,Ministerio de Energía y Minas
2023-08-20,superior,37.47,Ministerio de Energía y Minas
2023-08-21,bunker,20.65,Ministerio de Energía y Minas
2023-08-21,diésel,31.89,Ministerio de Energía y Minas
2023-08-21,regular,35.97,Ministerio de Energía y Minas
2023-08-21,superior,37.47,Ministerio de Energía y Minas
2023-08-22,bunker,20.1,Ministerio de Energía y Minas
2023-08-22,diésel,31.65,Ministerio de Energía y Minas
2023-08-22,regular,35.66,Ministerio de Energía y Minas
2023-08-22,superior,37.16,Ministerio de Energía y Minas
2023-08-23,bunker,20.1,Ministerio de Energía y Minas
2023-08-23,diésel,31.65,Ministerio de Energía y Minas
2023-08-23,regular,35.66,Ministerio de Energía y Minas
2023-08-23,superior,37.16,Ministerio de Energía y Minas
2023-08-24,bunker,20.1,Ministerio de Energía y Minas
2023-08-24,diésel,31.65,Ministerio de Energía y Minas
2023-08-24,regular,35.66,Ministerio de Energía y Minas
2023-08-24,superior,37.16,Ministerio de Energía y Minas
2023-08-25,bunker,20.1,Ministerio de Energía y Minas
2023-08-25,diésel,31.65,Ministerio de Energía y Minas
2023-08-25,regular,35.66,Ministerio de Energía y Minas
2023-08-25,superior,37.16,Ministerio de Energía y Minas
2023-08-26,bunker,20.1,Ministerio de Energía y Minas
2023-08-26,diésel,31.65,Ministerio de Energía y Minas
2023-08-26,regular,35.66,Ministerio de Energía y Minas
2023-08-26,superior,37.16,Ministerio de Energía y Minas
2023-08-27,bunker,20.1,Ministerio de Energía y Minas
2023-08-27,diésel,31.65,Ministerio de Energía y Minas
2023-08-27,regular,35.66,Ministerio de Energía y Minas
2023-08-27,superior,37.16,Ministerio de Energía y Minas
2023-08-28,bunker,20.1,Ministerio de Energía y Minas
2023-08-28,diésel,32.9,Ministerio de Energía y Minas
2023-08-28,regular,35.76,Ministerio de Energía y Minas
2023-08-28,superior,37.26,Ministerio de Energía y Minas
2023-08-29,bunker,20.1,Ministerio de Energía y Minas
2023-08-29,diésel,32.9,Ministerio de Energía y Minas
2023-08-29,regular,35.76,Ministerio de Energía y Minas
2023-08-29,superior,37.26,Ministerio de Energía y Minas
2023-08-30,bunker,20.1,Ministerio de Energía y Minas
2023-08-30,diésel,32.9,Ministerio de Energía y Minas
2023-08-30,regular,35.76,Ministerio de Energía y Minas
2023-08-30,superior,37.26,Ministerio de Energía y Minas
2023-08-31,bunker,20.1,Ministerio de Energía y Minas
2023-08-31,diésel,32.9,Ministerio de Energía y Minas
2023-08-31,regular,35.76,Ministerio de Energía y Minas
2023-08-31,superior,37.26,Ministerio de Energía y Minas
2023-09-01,bunker,20.1,Ministerio de Energía y Minas
2023-09-01,diésel,32.9,Ministerio de Energía y Minas
2023-09-01,regular,35.76,Ministerio de Energía y Minas
2023-09-01,superior,37.26,Ministerio de Energía y Minas
2023-09-02,bunker,20.1,Ministerio de Energía y Minas
2023-09-02,diésel,32.9,Ministerio de Energía y Minas
2023-09-02,regular,35.76,Ministerio de Energía y Minas
2023-09-02,superior,37.26,Ministerio de Energía y Minas
2023-09-03,bunker,20.1,Ministerio de Energía y Minas
2023-09-03,diésel,32.9,Ministerio de Energía y Minas
2023-09-03,regular,35.76,Ministerio de Energía y Minas
2023-09-03,superior,37.26,Ministerio de Energía y Minas
2023-09-04,bunker,20.59,Ministerio de Energía y Minas
2023-09-04,diésel,32.82,Ministerio de Energía y Minas
2023-09-04,regular,35.77,Ministerio de Energía y Minas
2023-09-04,superior,37.28,Ministerio de Energía y Minas
2023-09-05,bunker,20.59,Ministerio de Energía y Minas
2023-09-05,diésel,32.82,Ministerio de Energía y Minas
2023-09-05,regular,35.77,Ministerio de Energía y Minas
2023-09-05,superior,37.28,Ministerio de Energía y Minas
2023-09-06,bunker,20.59,Ministerio de Energía y Minas
2023-09-06,diésel,32.82,Ministerio de Energía y Minas
2023-09-06,regular,35.77,Ministerio de Energía y Minas
2023-09-06,superior,37.28,Ministerio de Energía y Minas
2023-09-07,bunker,20.59,Ministerio de Energía y Minas
2023-09-07,diésel,32.82,Ministerio de Energía y Minas
2023-09-07,regular,35.77,Ministerio de Energía y Minas
2023-09-07,superior,37.28,Ministerio de Energía y Minas
2023-09-08,bunker,20.59,Ministerio de Energía y Minas
2023-09-08,diésel,32.82,Ministerio de Energía y Minas
2023-09-08,regular,35.77,Ministerio de Energía y Minas
2023-09-08,superior,37.28,Ministerio de Energía y Minas
2023-09-09,bunker,20.59,Ministerio de Energía y Minas
2023-09-09,diésel,32.82,Ministerio de Energía y Minas
2023-09-09,regular,35.77,Ministerio de Energía y Minas
2023-09-09,superior,37.28,Ministerio de Energía y Minas
2023-09-10,bunker,20.59,Ministerio de Energía y Minas
2023-09-10,diésel,32.82,Ministerio de Energía y Minas
2023-09-10,regular,35.77,Ministerio de Energía y Minas
2023-09-10,superior,37.28,Ministerio de Energía y Minas
2023-09-11,bunker,21.09,Ministerio de Energía y Minas
2023-09-11,diésel,32.52,Ministerio de Energía y Minas
2023-09-11,regular,35.42,Ministerio de Energía y Minas
2023-09-11,superior,36.91,Ministerio de Energía y Minas
2023-09-12,bunker,21.09,Ministerio de Energía y Minas
2023-09-12,diésel,32.52,Ministerio de Energía y Minas
2023-09-12,regular,35.42,Ministerio de Energía y Minas
2023-09-12,superior,36.91,Ministerio de Energía y Minas
2023-09-13,bunker,21.09,Ministerio de Energía y Minas
2023-09-13,diésel,32.52,Ministerio de Energía y Minas
2023-09-13,regular,35.42,Ministerio de Energía y Minas
2023-09-13,superior,36.91,Ministerio de Energía y Minas
2023-09-14,bunker,21.09,Ministerio de Energía y Minas
2023-09-14,diésel,32.52,Ministerio de Energía y Minas
2023-09-14,regular,35.42,Ministerio de Energía y Minas
2023-09-14,superior,36.91,Ministerio de Energía y Minas
2023-09-15,bunker,21.09,Ministerio de Energía y Minas
2023-09-15,diésel,32.52,Ministerio de Energía y Minas
2023-09-15,regular,35.42,Ministerio de Energía y Minas
2023-09-15,superior,36.91,Ministerio de Energía y Minas
2023-09-16,bunker,21.09,Ministerio de Energía y Minas
2023-09-16,diésel,32.52,Ministerio de Energía y Minas
2023-09-16,regular,35.42,Ministerio de Energía y Minas
2023-09-16,superior,36.91,Ministerio de Energía y Minas
2023-09-17,bunker,21.09,Ministerio de Energía y Minas
2023-09-17,diésel,32.52,Ministerio de Energía y Minas
2023-09-17,regular,35.42,Ministerio de Energía y Minas
2023-09-17,superior,36.91,Ministerio de Energía y Minas
2023-09-18,bunker,21.49,Ministerio de Energía y Minas
2023-09-18,diésel,33.91,Ministerio de Energía y Minas
2023-09-18,regular,35.4,Ministerio de Energía y Minas
2023-09-18,superior,36.88,Ministerio de Energía y Minas
2023-09-19,bunker,21.49,Ministerio de Energía y Minas
2023-09-19,diésel,33.91,Ministerio de Energía y Minas
2023-09-19,regular,35.4,Ministerio de Energía y Minas
2023-09-19,superior,36.88,Ministerio de Energía y Minas
2023-09-20,bunker,21.49,Ministerio de Energía y Minas
2023-09-20,diésel,33.91,Ministerio de Energía y Minas
2023-09-20,regular,35.4,Ministerio de Energía y Minas
2023-09-20,superior,36.88,Ministerio de Energía y Minas
2023-09-21,bunker,21.49,Ministerio de Energía y Minas
2023-09-21,diésel,33.91,Ministerio de Energía y Minas
2023-09-21,regular,35.4,Ministerio de Energía y Minas
2023-09-21,superior,36.88,Ministerio de Energía y Minas
2023-09-22,bunker,21.49,Ministerio de Energía y Minas
2023-09-22,diésel,33.91,Ministerio de Energía y Minas
2023-09-22,regular,35.4,Ministerio de Energía y Minas
2023-09-22,superior,36.88,Ministerio de Energía y Minas
2023-09-23,bunker,21.49,Ministerio de Energía y Minas
2023-09-23,diésel,33.91,Ministerio de Energía y Minas
2023-09-23,regular,35.4,Ministerio de Energía y Minas
2023-09-23,superior,36.88,Ministerio de Energía y Minas
2023-09-24,bunker,21.49,Ministerio de Energía y Minas
2023-09-24,diésel,33.91,Ministerio de Energía y Minas
2023-09-24,regular,35.4,Ministerio de Energía y Minas
2023-09-24,superior,36.88,Ministerio de Energía y Minas
2023-09-25,bunker,21.49,Ministerio de Energía y Minas
2023-09-25,diésel,34.6,Ministerio de Energía y Minas
2023-09-25,regular,35.82,Ministerio de Energía y Minas
2023-09-25,superior,37.31,Ministerio de Energía y Minas
2023-09-26,bunker,21.49,Ministerio de Energía y Minas
2023-09-26,diésel,34.6,Ministerio de Energía y Minas
2023-09-26,regular,35.82,Ministerio de Energía y Minas
2023-09-26,superior,37.31,Ministerio de Energía y Minas
2023-09-27,bunker,21.49,Ministerio de Energía y Minas
2023-09-27,diésel,34.6,Ministerio de Energía y Minas
2023-09-27,regular,35.82,Ministerio de Energía y Minas
2023-09-27,superior,37.31,Ministerio de Energía y Minas
2023-09-28,bunker,21.49,Ministerio de Energía y Minas
2023-09-28,diésel,34.6,Ministerio de Energía y Minas
2023-09-28,regular,35.82,Ministerio de Energía y Minas
2023-09-28,superior,37.31,Ministerio de Energía y Minas
2023-09-29,bunker,21.49,Ministerio de Energía y Minas
2023-09-29,diésel,34.6,Ministerio de Energía y Minas
2023-09-29,regular,35.82,Ministerio de Energía y Minas
2023-09-29,superior,37.31,Ministerio de Energía y Minas
2023-09-30,bunker,21.49,Ministerio de Energía y Minas
2023-09-30,diésel,34.6,Ministerio de Energía y Minas
2023-09-30,regular,35.82,Ministerio de Energía y Minas
2023-09-30,superior,37.31,Ministerio de Energía y Minas
2023-10-01,bunker,21.49,Ministerio de Energía y Minas
2023-10-01,diésel,34.6,Ministerio de Energía y Minas
2023-10-01,regular,35.82,Ministerio de Energía y Minas
2023-10-01,superior,37.31,Ministerio de Energía y Minas
2023-10-02,bunker,21.49,Ministerio de Energía y Minas
2023-10-02,diésel,34.42,Ministerio de Energía y Minas
2023-10-02,regular,35.12,Ministerio de Energía y Minas
2023-10-02,superior,36.62,Ministerio de Energía y Minas
2023-10-03,bunker,21.49,Ministerio de Energía y Minas
2023-10-03,diésel,34.42,Ministerio de Energía y Minas
2023-10-03,regular,35.12,Ministerio de Energía y Minas
2023-10-03,superior,36.62,Ministerio de Energía y Minas
2023-10-04,bunker,21.49,Ministerio de Energía y Minas
2023-10-04,diésel,34.42,Ministerio de Energía y Minas
2023-10-04,regular,35.12,Ministerio de Energía y Minas
2023-10-04,superior,36.62,Ministerio de Energía y Minas
2023-10-05,bunker,21.49,Ministerio de Energía y Minas
2023-10-05,diésel,34.42,Ministerio de Energía y Minas
2023-10-05,regular,35.12,Ministerio de Energía y Minas
2023-10-05,superior,36.62,Ministerio de Energía y Minas
2023-10-06,bunker,21.49,Ministerio de Energía y Minas
2023-10-06,diésel,34.42,Ministerio de Energía y Minas
2023-10-06,regular,35.12,Ministerio de Energía y Minas
2023-10-06,superior,36.62,Ministerio de Energía y Minas
2023-10-07,bunker,21.49,Ministerio de Energía y Minas
2023-10-07,diésel,34.42,Ministerio de Energía y Minas
2023-10-07,regular,35.12,Ministerio de Energía y Minas
2023-10-07,superior,36.62,Ministerio de Energía y Minas
2023-10-08,bunker,21.49,Ministerio de Energía y Minas
2023-10-08,diésel,34.42,Ministerio de Energía y Minas
2023-10-08,regular,35.12,Ministerio de Energía y Minas
2023-10-08,superior,36.62,Ministerio de Energía y Minas
2023-10-09,bunker,21.19,Ministerio de Energía y Minas
2023-10-09,diésel,33.96,Ministerio de Energía y Minas
2023-10-09,regular,34.16,Ministerio de Energía y Minas
2023-10-09,superior,35.66,Ministerio de Energía y Minas
2023-10-10,bunker,21.19,Ministerio de Energía y Minas
2023-10-10,diésel,33.96,Ministerio de Energía y Minas
2023-10-10,regular,34.16,Ministerio de Energía y Minas
2023-10-10,superior,35.66,Ministerio de Energía y Minas
2023-10-11,bunker,21.19,Ministerio de Energía y Minas
2023-10-11,diésel,33.96,Ministerio de Energía y Minas
2023-10-11,regular,34.16,Ministerio de Energía y Minas
2023-10-11,superior,35.66,Ministerio de Energía y Minas
2023-10-12,bunker,21.19,Ministerio de Energía y Minas
2023-10-12,diésel,33.96,Ministerio de Energía y Minas
2023-10-12,regular,34.16,Ministerio de Energía y Minas
2023-10-12,superior,35.66,Ministerio de Energía y Minas
2023-10-13,bunker,21.19,Ministerio de Energía y Minas
2023-10-13,diésel,33.96,Ministerio de Energía y Minas
2023-10-13,regular,34.16,Ministerio de Energía y Minas
2023-10-13,superior,35.66,Ministerio de Energía y Minas
2023-10-14,bunker,21.19,Ministerio de Energía y Minas
2023-10-14,diésel,33.96,Ministerio de Energía y Minas
2023-10-14,regular,34.16,Ministerio de Energía y Minas
2023-10-14,superior,35.66,Ministerio de Energía y Minas
2023-10-15,bunker,21.19,Ministerio de Energía y Minas
2023-10-15,diésel,33.96,Ministerio de Energía y Minas
2023-10-15,regular,34.16,Ministerio de Energía y Minas
2023-10-15,superior,35.66,Ministerio de Energía y Minas
2023-10-16,bunker,21.49,Ministerio de Energía y Minas
2023-10-16,diésel,33.99,Ministerio de Energía y Minas
2023-10-16,regular,34.25,Ministerio de Energía y Minas
2023-10-16,superior,35.75,Ministerio de Energía y Minas
2023-10-17,bunker,21.49,Ministerio de Energía y Minas
2023-10-17,diésel,33.99,Ministerio de Energía y Minas
2023-10-17,regular,34.25,Ministerio de Energía y Minas
2023-10-17,superior,35.75,Ministerio de Energía y Minas
2023-10-18,bunker,21.49,Ministerio de Energía y Minas
2023-10-18,diésel,33.99,Ministerio de Energía y Minas
2023-10-18,regular,34.25,Ministerio de Energía y Minas
2023-10-18,superior,35.75,Ministerio de Energía y Minas
2023-10-19,bunker,21.49,Ministerio de Energía y Minas
2023-10-19,diésel,33.99,Ministerio de Energía y Minas
2023-10-19,regular,34.25,Ministerio de Energía y Minas
2023-10-19,superior,35.75,Ministerio de Energía y Minas
2023-10-20,bunker,21.49,Ministerio de Energía y Minas
2023-10-20,diésel,33.99,Ministerio de Energía y Minas
2023-10-20,regular,34.25,Ministerio de Energía y Minas
2023-10-20,superior,35.75,Ministerio de Energía y Minas
2023-10-21,bunker,21.49,Ministerio de Energía y Minas
2023-10-21,diésel,33.99,Ministerio de Energía y Minas
2023-10-21,regular,34.25,Ministerio de Energía y Minas
2023-10-21,superior,35.75,Ministerio de Energía y Minas
2023-10-22,bunker,21.49,Ministerio de Energía y Minas
2023-10-22,diésel,33.99,Ministerio de Energía y Minas
2023-10-22,regular,34.25,Ministerio de Energía y Minas
2023-10-22,superior,35.75,Ministerio de Energía y Minas
2023-10-23,bunker,20.49,Ministerio de Energía y Minas
2023-10-23,diésel,33.41,Ministerio de Energía y Minas
2023-10-23,regular,33.83,Ministerio de Energía y Minas
2023-10-23,superior,35.33,Ministerio de Energía y Minas
2023-10-24,bunker,20.49,Ministerio de Energía y Minas
2023-10-24,diésel,33.41,Ministerio de Energía y Minas
2023-10-24,regular,33.83,Ministerio de Energía y Minas
2023-10-24,superior,35.33,Ministerio de Energía y Minas
2023-10-25,bunker,20.49,Ministerio de Energía y Minas
2023-10-25,diésel,33.41,Ministerio de Energía y Minas
2023-10-25,regular,33.83,Ministerio de Energía y Minas
2023-10-25,superior,35.33,Ministerio de Energía y Minas
2023-10-26,bunker,20.49,Ministerio de Energía y Minas
2023-10-26,diésel,33.41,Ministerio de Energía y Minas
2023-10-26,regular,33.83,Ministerio de Energía y Minas
2023-10-26,superior,35.33,Ministerio de Energía y Minas
2023-10-27,bunker,20.49,Ministerio de Energía y Minas
2023-10-27,diésel,33.41,Ministerio de Energía y Minas
2023-10-27,regular,33.83,Ministerio de Energía y Minas
2023-10-27,superior,35.33,Ministerio de Energía y Minas
2023-10-28,bunker,20.49,Ministerio de Energía y Minas
2023-10-28,diésel,33.41,Ministerio de Energía y Minas
2023-10-28,regular,33.83,Ministerio de Energía y Minas
2023-10-28,superior,35.33,Ministerio de Energía y Minas
2023-10-29,bunker,20.49,Ministerio de Energía y Minas
2023-10-29,diésel,33.41,Ministerio de Energía y Minas
2023-10-29,regular,33.83,Ministerio de Energía y Minas
2023-10-29,superior,35.33,Ministerio de Energía y Minas
2023-10-30,bunker,20.49,Ministerio de Energía y Minas
2023-10-30,diésel,32.8,Ministerio de Energía y Minas
2023-10-30,regular,32.99,Ministerio de Energía y Minas
2023-10-30,superior,34.52,Ministerio de Energía y Minas
2023-10-31,bunker,20.49,Ministerio de Energía y Minas
2023-10-31,diésel,32.8,Ministerio de Energía y Minas
2023-10-31,regular,32.99,Ministerio de Energía y Minas
2023-10-31,superior,34.52,Ministerio de Energía y Minas
2023-11-01,bunker,20.49,Ministerio de Energía y Minas
2023-11-01,diésel,32.8,Ministerio de Energía y Minas
2023-11-01,regular,32.99,Ministerio de Energía y Minas
2023-11-01,superior,34.52,Ministerio de Energía y Minas
2023-11-02,bunker,20.49,Ministerio de Energía y Minas
2023-11-02,diésel,32.8,Ministerio de Energía y Minas
2023-11-02,regular,32.99,Ministerio de Energía y Minas
2023-11-02,superior,34.52,Ministerio de Energía y Minas
2023-11-03,bunker,20.49,Ministerio de Energía y Minas
2023-11-03,diésel,32.8,Ministerio de Energía y Minas
2023-11-03,regular,32.99,Ministerio de Energía y Minas
2023-11-03,superior,34.52,Ministerio de Energía y Minas
2023-11-04,bunker,20.49,Ministerio de Energía y Minas
2023-11-04,diésel,32.8,Ministerio de Energía y Minas
2023-11-04,regular,32.99,Ministerio de Energía y Minas
2023-11-04,superior,34.52,Ministerio de Energía y Minas
2023-11-05,bunker,20.49,Ministerio de Energía y Minas
2023-11-05,diésel,32.8,Ministerio de Energía y Minas
2023-11-05,regular,32.99,Ministerio de Energía y Minas
2023-11-05,superior,34.52,Ministerio de Energía y Minas
2023-11-06,diésel,32.31,Ministerio de Energía y Minas
2023-11-06,regular,31.28,Ministerio de Energía y Minas
2023-11-06,superior,32.79,Ministerio de Energía y Minas
2023-11-07,diésel,32.31,Ministerio de Energía y Minas
2023-11-07,regular,31.28,Ministerio de Energía y Minas
2023-11-07,superior,32.79,Ministerio de Energía y Minas
2023-11-08,diésel,32.31,Ministerio de Energía y Minas
2023-11-08,regular,31.28,Ministerio de Energía y Minas
2023-11-08,superior,32.79,Ministerio de Energía y Minas
2023-11-09,diésel,32.31,Ministerio de Energía y Minas
2023-11-09,regular,31.28,Ministerio de Energía y Minas
2023-11-09,superior,32.79,Ministerio de Energía y Minas
2023-11-10,diésel,32.31,Ministerio de Energía y Minas
2023-11-10,regular,31.28,Ministerio de Energía y Minas
2023-11-10,superior,32.79,Ministerio de Energía y Minas
2023-11-11,diésel,32.31,Ministerio de Energía y Minas
2023-11-11,regular,31.28,Ministerio de Energía y Minas
2023-11-11,superior,32.79,Ministerio de Energía y Minas
2023-11-12,diésel,32.31,Ministerio de Energía y Minas
2023-11-12,regular,31.28,Ministerio de Energía y Minas
2023-11-12,superior,32.79,Ministerio de Energía y Minas
2023-11-13,diésel,31.61,Ministerio de Energía y Minas
2023-11-13,regular,29.85,Ministerio de Energía y Minas
2023-11-13,superior,31.34,Ministerio de Energía y Minas
2023-11-14,diésel,31.61,Ministerio de Energía y Minas
2023-11-14,regular,29.85,Ministerio de Energía y Minas
2023-11-14,superior,31.34,Ministerio de Energía y Minas
2023-11-15,diésel,31.61,Ministerio de Energía y Minas
2023-11-15,regular,29.85,Ministerio de Energía y Minas
2023-11-15,superior,31.34,Ministerio de Energía y Minas
2023-11-16,diésel,31.61,Ministerio de Energía y Minas
2023-11-16,regular,29.85,Ministerio de Energía y Minas
2023-11-16,superior,31.34,Ministerio de Energía y Minas
2023-11-17,diésel,31.61,Ministerio de Energía y Minas
2023-11-17,regular,29.85,Ministerio de Energía y Minas
2023-11-17,superior,31.34,Ministerio de Energía y Minas
2023-11-18,diésel,31.61,Ministerio de Energía y Minas
2023-11-18,regular,29.85,Ministerio de Energía y Minas
2023-11-18,superior,31.34,Ministerio de Energía y Minas
2023-11-19,diésel,31.61,Ministerio de Energía y Minas
2023-11-19,regular,29.85,Ministerio de Energía y Minas
2023-11-19,superior,31.34,Ministerio de Energía y Minas
2023-11-20,diésel,30.58,Ministerio de Energía y Minas
2023-11-20,regular,28.52,Ministerio de Energía y Minas
2023-11-20,superior,29.99,Ministerio de Energía y Minas
2023-11-21,diésel,30.58,Ministerio de Energía y Minas
2023-11-21,regular,28.52,Ministerio de Energía y Minas
2023-11-21,superior,29.99,Ministerio de Energía y Minas
2023-11-22,diésel,30.58,Ministerio de Energía y Minas
2023-11-22,regular,28.52,Ministerio de Energía y Minas
2023-11-22,superior,29.99,Ministerio de Energía y Minas
2023-11-23,diésel,30.58,Ministerio de Energía y Minas
2023-11-23,regular,28.52,Ministerio de Energía y Minas
2023-11-23,superior,29.99,Ministerio de Energía y Minas
2023-11-24,diésel,30.58,Ministerio de Energía y Minas
2023-11-24,regular,28.52,Ministerio de Energía y Minas
2023-11-24,superior,29.99,Ministerio de Energía y Minas
2023-11-25,diésel,30.58,Ministerio de Energía y Minas
2023-11-25,regular,28.52,Ministerio de Energía y Minas
2023-11-25,superior,29.99,Ministerio de Energía y Minas
2023-11-26,diésel,30.58,Ministerio de Energía y Minas
2023-11-26,regular,28.52,Ministerio de Energía y Minas
2023-11-26,superior,29.99,Ministerio de Energía y Minas
2023-11-27,diésel,29.97,Ministerio de Energía y Minas
2023-11-27,regular,28.49,Ministerio de Energía y Minas
2023-11-27,superior,29.98,Ministerio de Energía y Minas
2023-11-28,diésel,29.97,Ministerio de Energía y Minas
2023-11-28,regular,28.49,Ministerio de Energía y Minas
2023-11-28,superior,29.98,Ministerio de Energía y Minas
2023-11-29,diésel,29.97,Ministerio de Energía y Minas
2023-11-29,regular,28.49,Ministerio de Energía y Minas
2023-11-29,superior,29.98,Ministerio de Energía y Minas
2023-11-30,diésel,29.97,Ministerio de Energía y Minas
2023-11-30,regular,28.49,Ministerio de Energía y Minas
2023-11-30,superior,29.98,Ministerio de Energía y Minas
2023-12-01,diésel,29.97,Ministerio de Energía y Minas
2023-12-01,regular,28.49,Ministerio de Energía y Minas
2023-12-01,superior,29.98,Ministerio de Energía y Minas
2023-12-02,diésel,29.97,Ministerio de Energía y Minas
2023-12-02,regular,28.49,Ministerio de Energía y Minas
2023-12-02,superior,29.98,Ministerio de Energía y Minas
2023-12-03,diésel,29.97,Ministerio de Energía y Minas
2023-12-03,regular,28.49,Ministerio de Energía y Minas
2023-12-03,superior,29.98,Ministerio de Energía y Minas
2023-12-04,diésel,29.97,Ministerio de Energía y Minas
2023-12-04,regular,28.49,Ministerio de Energía y Minas
2023-12-04,superior,29.98,Ministerio de Energía y Minas
2023-12-05,diésel,29.97,Ministerio de Energía y Minas
2023-12-05,regular,28.49,Ministerio de Energía y Minas
2023-12-05,superior,29.98,Ministerio de Energía y Minas
2023-12-06,diésel,29.97,Ministerio de Energía y Minas
2023-12-06,regular,28.49,Ministerio de Energía y Minas
2023-12-06,superior,29.98,Ministerio de Energía y Minas
2023-12-07,diésel,29.97,Ministerio de Energía y Minas
2023-12-07,regular,28.49,Ministerio de Energía y Minas
2023-12-07,superior,29.98,Ministerio de Energía y Minas
2023-12-08,diésel,29.97,Ministerio de Energía y Minas
2023-12-08,regular,28.49,Ministerio de Energía y Minas
2023-12-08,superior,29.98,Ministerio de Energía y Minas
2023-12-09,diésel,29.97,Ministerio de Energía y Minas
2023-12-09,regular,28.49,Ministerio de Energía y Minas
2023-12-09,superior,29.98,Ministerio de Energía y Minas
2023-12-10,diésel,29.97,Ministerio de Energía y Minas
2023-12-10,regular,28.49,Ministerio de Energía y Minas
2023-12-10,superior,29.98,Ministerio de Energía y Minas
2023-12-11,diésel,29.11,Ministerio de Energía y Minas
2023-12-11,regular,27.65,Ministerio de Energía y Minas
2023-12-11,superior,29.13,Ministerio de Energía y Minas
2023-12-12,diésel,29.11,Ministerio de Energía y Minas
2023-12-12,regular,27.65,Ministerio de Energía y Minas
2023-12-12,superior,29.13,Ministerio de Energía y Minas
2023-12-13,diésel,29.11,Ministerio de Energía y Minas
2023-12-13,regular,27.65,Ministerio de Energía y Minas
2023-12-13,superior,29.13,Ministerio de Energía y Minas
2023-12-14,diésel,29.11,Ministerio de Energía y Minas
2023-12-14,regular,27.65,Ministerio de Energía y Minas
2023-12-14,superior,29.13,Ministerio de Energía y Minas
2023-12-15,diésel,29.11,Ministerio de Energía y Minas
2023-12-15,regular,27.65,Ministerio de Energía y Minas
2023-12-15,superior,29.13,Ministerio de Energía y Minas
2023-12-16,diésel,29.11,Ministerio de Energía y Minas
2023-12-16,regular,27.65,Ministerio de Energía y Minas
2023-12-16,superior,29.13,Ministerio de Energía y Minas
2023-12-17,diésel,29.11,Ministerio de Energía y Minas
2023-12-17,regular,27.65,Ministerio de Energía y Minas
2023-12-17,superior,29.13,Ministerio de Energía y Minas
2023-12-18,diésel,28.62,Ministerio de Energía y Minas
2023-12-18,regular,27.15,Ministerio de Energía y Minas
2023-12-18,superior,28.65,Ministerio de Energía y Minas
2023-12-19,diésel,28.62,Ministerio de Energía y Minas
2023-12-19,regular,27.15,Ministerio de Energía y Minas
2023-12-19,superior,28.65,Ministerio de Energía y Minas
2023-12-20,diésel,28.62,Ministerio de Energía y Minas
2023-12-20,regular,27.15,Ministerio de Energía y Minas
2023-12-20,superior,28.65,Ministerio de Energía y Minas
2023-12-21,diésel,28.62,Ministerio de Energía y Minas
2023-12-21,regular,27.15,Ministerio de Energía y Minas
2023-12-21,superior,28.65,Ministerio de Energía y Minas
2023-12-22,diésel,28.62,Ministerio de Energía y Minas
2023-12-22,regular,27.15,Ministerio de Energía y Minas
2023-12-22,superior,28.65,Ministerio de Energía y Minas
2023-12-23,diésel,28.62,Ministerio de Energía y Minas
2023-12-23,regular,27.15,Ministerio de Energía y Minas
2023-12-23,superior,28.65,Ministerio de Energía y Minas
2023-12-24,diésel,28.62,Ministerio de Energía y Minas
2023-12-24,regular,27.15,Ministerio de Energía y Minas
2023-12-24,superior,28.65,Ministerio de Energía y Minas
2023-12-25,diésel,28.62,Ministerio de Energía y Minas
2023-12-25,regular,27.15,Ministerio de Energía y Minas
2023-12-25,superior,28.65,Ministerio de Energía y Minas
2023-12-26,diésel,28.62,Ministerio de Energía y Minas
2023-12-26,regular,27.15,Ministerio de Energía y Minas
2023-12-26,superior,28.65,Ministerio de Energía y Minas
2023-12-27,diésel,29.47,Ministerio de Energía y Minas
2023-12-27,regular,28.95,Ministerio de Energía y Minas
2023-12-27,superior,30.44,Ministerio de Energía y Minas
2023-12-28,diésel,29.47,Ministerio de Energía y Minas
2023-12-28,regular,28.95,Ministerio de Energía y Minas
2023-12-28,superior,30.44,Ministerio de Energía y Minas
2023-12-29,diésel,29.47,Ministerio de Energía y Minas
2023-12-29,regular,28.95,Ministerio de Energía y Minas
2023-12-29,superior,30.44,Ministerio de Energía y Minas
2023-12-30,diésel,29.47,Ministerio de Energía y Minas
2023-12-30,regular,28.95,Ministerio de Energía y Minas
2023-12-30,superior,30.44,Ministerio de Energía y Minas
2023-12-31,diésel,29.47,Ministerio de Energía y Minas
2023-12-31,regular,28.95,Ministerio de Energía y Minas
2023-12-31,superior,30.44,Ministerio de Energía y Minas
2024-01-01,diésel,29.47,Ministerio de Energía y Minas
2024-01-01,regular,28.95,Ministerio de Energía y Minas
2024-01-01,superior,30.44,Ministerio de Energía y Minas
2024-01-02,diésel,29.47,Ministerio de Energía y Minas
2024-01-02,regular,28.95,Ministerio de Energía y Minas
2024-01-02,superior,30.44,Ministerio de Energía y Minas
2024-01-03,diésel,29.48,Ministerio de Energía y Minas
2024-01-03,regular,28.97,Ministerio de Energía y Minas
2024-01-03,superior,30.47,Ministerio de Energía y Minas
2024-01-04,diésel,29.48,Ministerio de Energía y Minas
2024-01-04,regular,28.97,Ministerio de Energía y Minas
2024-01-04,superior,30.47,Ministerio de Energía y Minas
2024-01-05,diésel,29.48,Ministerio de Energía y Minas
2024-01-05,regular,28.97,Ministerio de Energía y Minas
2024-01-05,superior,30.47,Ministerio de Energía y Minas
2024-01-06,diésel,29.48,Ministerio de Energía y Minas
2024-01-06,regular,28.97,Ministerio de Energía y Minas
2024-01-06,superior,30.47,Ministerio de Energía y Minas
2024-01-07,diésel,29.48,Ministerio de Energía y Minas
2024-01-07,regular,28.97,Ministerio de Energía y Minas
2024-01-07,superior,30.47,Ministerio de Energía y Minas
2024-01-08,diésel,29.48,Ministerio de Energía y Minas
2024-01-08,regular,28.97,Ministerio de Energía y Minas
2024-01-08,superior,30.47,Ministerio de Energía y Minas
2024-01-09,diésel,29.48,Ministerio de Energía y Minas
2024-01-09,regular,28.97,Ministerio de Energía y Minas
2024-01-09,superior,30.47,Ministerio de Energía y Minas
2024-01-10,diésel,29.48,Ministerio de Energía y Minas
2024-01-10,regular,28.97,Ministerio de Energía y Minas
2024-01-10,superior,30.47,Ministerio de Energía y Minas
2024-01-11,diésel,29.48,Ministerio de Energía y Minas
2024-01-11,regular,28.97,Ministerio de Energía y Minas
2024-01-11,superior,30.47,Ministerio de Energía y Minas
2024-01-12,diésel,29.48,Ministerio de Energía y Minas
2024-01-12,regular,28.97,Ministerio de Energía y Minas
2024-01-12,superior,30.47,Ministerio de Energía y Minas
2024-01-13,diésel,29.48,Ministerio de Energía y Minas
2024-01-13,regular,28.97,Ministerio de Energía y Minas
2024-01-13,superior,30.47,Ministerio de Energía y Minas
2024-01-14,diésel,29.48,Ministerio de Energía y Minas
2024-01-14,regular,28.97,Ministerio de Energía y Minas
2024-01-14,superior,30.47,Ministerio de Energía y Minas
2024-01-15,diésel,28.55,Ministerio de Energía y Minas
2024-01-15,regular,28.79,Ministerio de Energía y Minas
2024-01-15,superior,30.29,Ministerio de Energía y Minas
2024-01-16,diésel,28.55,Ministerio de Energía y Minas
2024-01-16,regular,28.79,Ministerio de Energía y Minas
2024-01-16,superior,30.29,Ministerio de Energía y Minas
2024-01-17,diésel,28.55,Ministerio de Energía y Minas
2024-01-17,regular,28.79,Ministerio de Energía y Minas
2024-01-17,superior,30.29,Ministerio de Energía y Minas
2024-01-18,diésel,28.55,Ministerio de Energía y Minas
2024-01-18,regular,28.79,Ministerio de Energía y Minas
2024-01-18,superior,30.29,Ministerio de Energía y Minas
2024-01-19,diésel,28.55,Ministerio de Energía y Minas
2024-01-19,regular,28.79,Ministerio de Energía y Minas
2024-01-19,superior,30.29,Ministerio de Energía y Minas
2024-01-20,diésel,28.55,Ministerio de Energía y Minas
2024-01-20,regular,28.79,Ministerio de Energía y Minas
2024-01-20,superior,30.29,Ministerio de Energía y Minas
2024-01-21,diésel,28.55,Ministerio de Energía y Minas
2024-01-21,regular,28.79,Ministerio de Energía y Minas
2024-01-21,superior,30.29,Ministerio de Energía y Minas
2024-01-22,diésel,29.11,Ministerio de Energía y Minas
2024-01-22,regular,29.39,Ministerio de Energía y Minas
2024-01-22,superior,30.9,Ministerio de Energía y Minas
2024-01-23,diésel,29.11,Ministerio de Energía y Minas
2024-01-23,regular,29.39,Ministerio de Energía y Minas
2024-01-23,superior,30.9,Ministerio de Energía y Minas
2024-01-24,diésel,29.11,Ministerio de Energía y Minas
2024-01-24,regular,29.39,Ministerio de Energía y Minas
2024-01-24,superior,30.9,Ministerio de Energía y Minas
2024-01-25,diésel,29.11,Ministerio de Energía y Minas
2024-01-25,regular,29.39,Ministerio de Energía y Minas
2024-01-25,superior,30.9,Ministerio de Energía y Minas
2024-01-26,diésel,29.11,Ministerio de Energía y Minas
2024-01-26,regular,29.39,Ministerio de Energía y Minas
2024-01-26,superior,30.9,Ministerio de Energía y Minas
2024-01-27,diésel,29.11,Ministerio de Energía y Minas
2024-01-27,regular,29.39,Ministerio de Energía y Minas
2024-01-27,superior,30.9,Ministerio de Energía y Minas
2024-01-28,diésel,29.11,Ministerio de Energía y Minas
2024-01-28,regular,29.39,Ministerio de Energía y Minas
2024-01-28,superior,30.9,Ministerio de Energía y Minas
2024-01-29,diésel,29.19,Ministerio de Energía y Minas
2024-01-29,regular,29.48,Ministerio de Energía y Minas
2024-01-29,superior,30.97,Ministerio de Energía y Minas
2024-01-30,diésel,29.19,Ministerio de Energía y Minas
2024-01-30,regular,29.48,Ministerio de Energía y Minas
2024-01-30,superior,30.97,Ministerio de Energía y Minas
2024-01-31,diésel,29.19,Ministerio de Energía y Minas
2024-01-31,regular,29.48,Ministerio de Energía y Minas
2024-01-31,superior,30.97,Ministerio de Energía y Minas
2024-02-01,diésel,29.19,Ministerio de Energía y Minas
2024-02-01,regular,29.48,Ministerio de Energía y Minas
2024-02-01,superior,30.97,Ministerio de Energía y Minas
2024-02-02,diésel,29.19,Ministerio de Energía y Minas
2024-02-02,regular,29.48,Ministerio de Energía y Minas
2024-02-02,superior,30.97,Ministerio de Energía y Minas
2024-02-03,diésel,29.19,Ministerio de Energía y Minas
2024-02-03,regular,29.48,Ministerio de Energía y Minas
2024-02-03,superior,30.97,Ministerio de Energía y Minas
2024-02-04,diésel,29.19,Ministerio de Energía y Minas
2024-02-04,regular,29.48,Ministerio de Energía y Minas
2024-02-04,superior,30.97,Ministerio de Energía y Minas
2024-02-05,diésel,30.44,Ministerio de Energía y Minas
2024-02-05,regular,29.96,Ministerio de Energía y Minas
2024-02-05,superior,31.46,Ministerio de Energía y Minas
2024-02-06,diésel,30.44,Ministerio de Energía y Minas
2024-02-06,regular,29.96,Ministerio de Energía y Minas
2024-02-06,superior,31.46,Ministerio de Energía y Minas
2024-02-07,diésel,30.44,Ministerio de Energía y Minas
2024-02-07,regular,29.96,Ministerio de Energía y Minas
2024-02-07,superior,31.46,Ministerio de Energía y Minas
2024-02-08,diésel,30.44,Ministerio de Energía y Minas
2024-02-08,regular,29.96,Ministerio de Energía y Minas
2024-02-08,superior,31.46,Ministerio de Energía y Minas
2024-02-09,diésel,30.44,Ministerio de Energía y Minas
2024-02-09,regular,29.96,Ministerio de Energía y Minas
2024-02-09,superior,31.46,Ministerio de Energía y Minas
2024-02-10,diésel,30.44,Ministerio de Energía y Minas
2024-02-10,regular,29.96,Ministerio de Energía y Minas
2024-02-10,superior,31.46,Ministerio de Energía y Minas
2024-02-11,diésel,30.44,Ministerio de Energía y Minas
2024-02-11,regular,29.96,Ministerio de Energía y Minas
2024-02-11,superior,31.46,Ministerio de Energía y Minas
2024-02-12,diésel,30.47,Ministerio de Energía y Minas
2024-02-12,regular,29.97,Ministerio de Energía y Minas
2024-02-12,superior,31.47,Ministerio de Energía y Minas
2024-02-13,diésel,30.47,Ministerio de Energía y Minas
2024-02-13,regular,29.97,Ministerio de Energía y Minas
2024-02-13,superior,31.47,Ministerio de Energía y Minas
2024-02-14,diésel,30.47,Ministerio de Energía y Minas
2024-02-14,regular,29.97,Ministerio de Energía y Minas
2024-02-14,superior,31.47,Ministerio de Energía y Minas
2024-02-15,diésel,30.47,Ministerio de Energía y Minas
2024-02-15,regular,29.97,Ministerio de Energía y Minas
2024-02-15,superior,31.47,Ministerio de Energía y Minas
2024-02-16,diésel,30.47,Ministerio de Energía y Minas
2024-02-16,regular,29.97,Ministerio de Energía y Minas
2024-02-16,superior,31.47,Ministerio de Energía y Minas
2024-02-17,diésel,30.47,Ministerio de Energía y Minas
2024-02-17,regular,29.97,Ministerio de Energía y Minas
2024-02-17,superior,31.47,Ministerio de Energía y Minas
2024-02-18,diésel,30.47,Ministerio de Energía y Minas
2024-02-18,regular,29.97,Ministerio de Energía y Minas
2024-02-18,superior,31.47,Ministerio de Energía y Minas
2024-02-19,diésel,30.98,Ministerio de Energía y Minas
2024-02-19,regular,30.48,Ministerio de Energía y Minas
2024-02-19,superior,31.97,Ministerio de Energía y Minas
2024-02-20,diésel,30.98,Ministerio de Energía y Minas
2024-02-20,regular,30.48,Ministerio de Energía y Minas
2024-02-20,superior,31.97,Ministerio de Energía y Minas
2024-02-21,diésel,30.98,Ministerio de Energía y Minas
2024-02-21,regular,30.48,Ministerio de Energía y Minas
2024-02-21,superior,31.97,Ministerio de Energía y Minas
2024-02-22,diésel,30.98,Ministerio de Energía y Minas
2024-02-22,regular,30.48,Ministerio de Energía y Minas
2024-02-22,superior,31.97,Ministerio de Energía y Minas
2024-02-23,diésel,30.98,Ministerio de Energía y Minas
2024-02-23,regular,30.48,Ministerio de Energía y Minas
2024-02-23,superior,31.97,Ministerio de Energía y Minas
2024-02-24,diésel,30.98,Ministerio de Energía y Minas
2024-02-24,regular,30.48,Ministerio de Energía y Minas
2024-02-24,superior,31.97,Ministerio de Energía y Minas
2024-02-25,diésel,30.98,Ministerio de Energía y Minas
2024-02-25,regular,30.48,Ministerio de Energía y Minas
2024-02-25,superior,31.97,Ministerio de Energía y Minas
2024-02-26,diésel,30.97,Ministerio de Energía y Minas
2024-02-26,regular,30.95,Ministerio de Energía y Minas
2024-02-26,superior,32.45,Ministerio de Energía y Minas
2024-02-27,diésel,30.97,Ministerio de Energía y Minas
2024-02-27,regular,30.95,Ministerio de Energía y Minas
2024-02-27,superior,32.45,Ministerio de Energía y Minas
2024-02-28,diésel,30.97,Ministerio de Energía y Minas
2024-02-28,regular,30.95,Ministerio de Energía y Minas
2024-02-28,superior,32.45,Ministerio de Energía y Minas
2024-02-29,diésel,30.97,Ministerio de Energía y Minas
2024-02-29,regular,30.95,Ministerio de Energía y Minas
2024-02-29,superior,32.45,Ministerio de Energía y Minas
2024-03-01,diésel,30.97,Ministerio de Energía y Minas
2024-03-01,regular,30.95,Ministerio de Energía y Minas
2024-03-01,superior,32.45,Ministerio de Energía y Minas
2024-03-02,diésel,30.97,Ministerio de Energía y Minas
2024-03-02,regular,30.95,Ministerio de Energía y Minas
2024-03-02,superior,32.45,Ministerio de Energía y Minas
2024-03-03,diésel,30.97,Ministerio de Energía y Minas
2024-03-03,regular,30.95,Ministerio de Energía y Minas
2024-03-03,superior,32.45,Ministerio de Energía y Minas
2024-03-04,diésel,30.7,Ministerio de Energía y Minas
2024-03-04,regular,31.4,Ministerio de Energía y Minas
2024-03-04,superior,32.89,Ministerio de Energía y Minas
2024-03-05,diésel,30.7,Ministerio de Energía y Minas
2024-03-05,regular,31.4,Ministerio de Energía y Minas
2024-03-05,superior,32.89,Ministerio de Energía y Minas
2024-03-06,diésel,30.7,Ministerio de Energía y Minas
2024-03-06,regular,31.4,Ministerio de Energía y Minas
2024-03-06,superior,32.89,Ministerio de Energía y Minas
2024-03-07,diésel,30.7,Ministerio de Energía y Minas
2024-03-07,regular,31.4,Ministerio de Energía y Minas
2024-03-07,superior,32.89,Ministerio de Energía y Minas
2024-03-08,diésel,30.7,Ministerio de Energía y Minas
2024-03-08,regular,31.4,Ministerio de Energía y Minas
2024-03-08,superior,32.89,Ministerio de Energía y Minas
2024-03-09,diésel,30.7,Ministerio de Energía y Minas
2024-03-09,regular,31.4,Ministerio de Energía y Minas
2024-03-09,superior,32.89,Ministerio de Energía y Minas
2024-03-10,diésel,30.7,Ministerio de Energía y Minas
2024-03-10,regular,31.4,Ministerio de Energía y Minas
2024-03-10,superior,32.89,Ministerio de Energía y Minas
2024-03-11,diésel,30.15,Ministerio de Energía y Minas
2024-03-11,regular,31.92,Ministerio de Energía y Minas
2024-03-11,superior,33.42,Ministerio de Energía y Minas
2024-03-12,diésel,30.15,Ministerio de Energía y Minas
2024-03-12,regular,31.92,Ministerio de Energía y Minas
2024-03-12,superior,33.42,Ministerio de Energía y Minas
2024-03-13,diésel,30.15,Ministerio de Energía y Minas
2024-03-13,regular,31.92,Ministerio de Energía y Minas
2024-03-13,superior,33.42,Ministerio de Energía y Minas
2024-03-14,diésel,30.15,Ministerio de Energía y Minas
2024-03-14,regular,31.92,Ministerio de Energía y Minas
2024-03-14,superior,33.42,Ministerio de Energía y Minas
2024-03-15,diésel,30.15,Ministerio de Energía y Minas
2024-03-15,regular,31.92,Ministerio de Energía y Minas
2024-03-15,superior,33.42,Ministerio de Energía y Minas
2024-03-16,diésel,30.15,Ministerio de Energía y Minas
2024-03-16,regular,31.92,Ministerio de Energía y Minas
2024-03-16,superior,33.42,Ministerio de Energía y Minas
2024-03-17,diésel,30.15,Ministerio de Energía y Minas
2024-03-17,regular,31.92,Ministerio de Energía y Minas
2024-03-17,superior,33.42,Ministerio de Energía y Minas
2024-03-18,diésel,29.56,Ministerio de Energía y Minas
2024-03-18,regular,32.96,Ministerio de Energía y Minas
2024-03-18,superior,34.46,Ministerio de Energía y Minas
2024-03-19,diésel,29.56,Ministerio de Energía y Minas
2024-03-19,regular,32.96,Ministerio de Energía y Minas
2024-03-19,superior,34.46,Ministerio de Energía y Minas
2024-03-20,diésel,29.56,Ministerio de Energía y Minas
2024-03-20,regular,32.96,Ministerio de Energía y Minas
2024-03-20,superior,34.46,Ministerio de Energía y Minas
2024-03-21,diésel,29.56,Ministerio de Energía y Minas
2024-03-21,regular,32.96,Ministerio de Energía y Minas
2024-03-21,superior,34.46,Ministerio de Energía y Minas
2024-03-22,diésel,29.56,Ministerio de Energía y Minas
2024-03-22,regular,32.96,Ministerio de Energía y Minas
2024-03-22,superior,34.46,Ministerio de Energía y Minas
2024-03-23,diésel,29.56,Ministerio de Energía y Minas
2024-03-23,regular,32.96,Ministerio de Energía y Minas
2024-03-23,superior,34.46,Ministerio de Energía y Minas
2024-03-24,diésel,29.56,Ministerio de Energía y Minas
2024-03-24,regular,32.96,Ministerio de Energía y Minas
2024-03-24,superior,34.46,Ministerio de Energía y Minas
2024-03-25,diésel,29.48,Ministerio de Energía y Minas
2024-03-25,regular,33.4,Ministerio de Energía y Minas
2024-03-25,superior,34.95,Ministerio de Energía y Minas
2024-03-26,diésel,29.48,Ministerio de Energía y Minas
2024-03-26,regular,33.4,Ministerio de Energía y Minas
2024-03-26,superior,34.95,Ministerio de Energía y Minas
2024-03-27,diésel,29.48,Ministerio de Energía y Minas
2024-03-27,regular,33.4,Ministerio de Energía y Minas
2024-03-27,superior,34.95,Ministerio de Energía y Minas
2024-03-28,diésel,29.48,Ministerio de Energía y Minas
2024-03-28,regular,33.4,Ministerio de Energía y Minas
2024-03-28,superior,34.95,Ministerio de Energía y Minas
2024-03-29,diésel,29.48,Ministerio de Energía y Minas
2024-03-29,regular,33.4,Ministerio de Energía y Minas
2024-03-29,superior,34.95,Ministerio de Energía y Minas
2024-03-30,diésel,29.48,Ministerio de Energía y Minas
2024-03-30,regular,33.4,Ministerio de Energía y Minas
2024-03-30,superior,34.95,Ministerio de Energía y Minas
2024-03-31,diésel,29.48,Ministerio de Energía y Minas
2024-03-31,regular,33.4,Ministerio de Energía y Minas
2024-03-31,superior,34.95,Ministerio de Energía y Minas
2024-04-01,diésel,29.48,Ministerio de Energía y Minas
2024-04-01,regular,33.48,Ministerio de Energía y Minas
2024-04-01,superior,34.98,Ministerio de Energía y Minas
2024-04-02,diésel,29.48,Ministerio de Energía y Minas
2024-04-02,regular,33.48,Ministerio de Energía y Minas
2024-04-02,superior,34.98,Ministerio de Energía y Minas
2024-04-03,diésel,29.48,Ministerio de Energía y Minas
2024-04-03,regular,33.48,Ministerio de Energía y Minas
2024-04-03,superior,34.98,Ministerio de Energía y Minas
2024-04-04,diésel,29.48,Ministerio de Energía y Minas
2024-04-04,regular,33.48,Ministerio de Energía y Minas
2024-04-04,superior,34.98,Ministerio de Energía y Minas
2024-04-05,diésel,29.48,Ministerio de Energía y Minas
2024-04-05,regular,33.48,Ministerio de Energía y Minas
2024-04-05,superior,34.98,Ministerio de Energía y Minas
2024-04-06,diésel,29.48,Ministerio de Energía y Minas
2024-04-06,regular,33.48,Ministerio de Energía y Minas
2024-04-06,superior,34.98,Ministerio de Energía y Minas
2024-04-07,diésel,29.48,Ministerio de Energía y Minas
2024-04-07,regular,33.48,Ministerio de Energía y Minas
2024-04-07,superior,34.98,Ministerio de Energía y Minas
2024-04-08,diésel,30.21,Ministerio de Energía y Minas
2024-04-08,regular,34.14,Ministerio de Energía y Minas
2024-04-08,superior,35.64,Ministerio de Energía y Minas
2024-04-09,diésel,30.21,Ministerio de Energía y Minas
2024-04-09,regular,34.14,Ministerio de Energía y Minas
2024-04-09,superior,35.64,Ministerio de Energía y Minas
2024-04-10,diésel,30.21,Ministerio de Energía y Minas
2024-04-10,regular,34.14,Ministerio de Energía y Minas
2024-04-10,superior,35.64,Ministerio de Energía y Minas
2024-04-11,diésel,30.21,Ministerio de Energía y Minas
2024-04-11,regular,34.14,Ministerio de Energía y Minas
2024-04-11,superior,35.64,Ministerio de Energía y Minas
2024-04-12,diésel,30.21,Ministerio de Energía y Minas
2024-04-12,regular,34.14,Ministerio de Energía y Minas
2024-04-12,superior,35.64,Ministerio de Energía y Minas
2024-04-13,diésel,30.21,Ministerio de Energía y Minas
2024-04-13,regular,34.14,Ministerio de Energía y Minas
2024-04-13,superior,35.64,Ministerio de Energía y Minas
2024-04-14,diésel,30.21,Ministerio de Energía y Minas
2024-04-14,regular,34.14,Ministerio de Energía y Minas
2024-04-14,superior,35.64,Ministerio de Energía y Minas
2024-04-15,diésel,30.17,Ministerio de Energía y Minas
2024-04-15,regular,34.18,Ministerio de Energía y Minas
2024-04-15,superior,35.68,Ministerio de Energía y Minas
2024-04-16,diésel,30.17,Ministerio de Energía y Minas
2024-04-16,regular,34.18,Ministerio de Energía y Minas
2024-04-16,superior,35.68,Ministerio de Energía y Minas
2024-04-17,diésel,30.17,Ministerio de Energía y Minas
2024-04-17,regular,34.18,Ministerio de Energía y Minas
2024-04-17,superior,35.68,Ministerio de Energía y Minas
2024-04-18,diésel,30.17,Ministerio de Energía y Minas
2024-04-18,regular,34.18,Ministerio de Energía y Minas
2024-04-18,superior,35.68,Ministerio de Energía y Minas
2024-04-19,diésel,30.17,Ministerio de Energía y Minas
2024-04-19,regular,34.18,Ministerio de Energía y Minas
2024-04-19,superior,35.68,Ministerio de Energía y Minas
2024-04-20,diésel,30.17,Ministerio de Energía y Minas
2024-04-20,regular,34.18,Ministerio de Energía y Minas
2024-04-20,superior,35.68,Ministerio de Energía y Minas
2024-04-21,diésel,30.17,Ministerio de Energía y Minas
2024-04-21,regular,34.18,Ministerio de Energía y Minas
2024-04-21,superior,35.68,Ministerio de Energía y Minas
2024-04-22,diésel,29.81,Ministerio de Energía y Minas
2024-04-22,regular,33.67,Ministerio de Energía y Minas
2024-04-22,superior,35.17,Ministerio de Energía y Minas
2024-04-23,diésel,29.81,Ministerio de Energía y Minas
2024-04-23,regular,33.67,Ministerio de Energía y Minas
2024-04-23,superior,35.17,Ministerio de Energía y Minas
2024-04-24,diésel,29.81,Ministerio de Energía y Minas
2024-04-24,regular,33.67,Ministerio de Energía y Minas
2024-04-24,superior,35.17,Ministerio de Energía y Minas
2024-04-25,diésel,29.81,Ministerio de Energía y Minas
2024-04-25,regular,33.67,Ministerio de Energía y Minas
2024-04-25,superior,35.17,Ministerio de Energía y Minas
2024-04-26,diésel,29.81,Ministerio de Energía y Minas
2024-04-26,regular,33.67,Ministerio de Energía y Minas
2024-04-26,superior,35.17,Ministerio de Energía y Minas
2024-04-27,diésel,29.81,Ministerio de Energía y Minas
2024-04-27,regular,33.67,Ministerio de Energía y Minas
2024-04-27,superior,35.17,Ministerio de Energía y Minas
2024-04-28,diésel,29.81,Ministerio de Energía y Minas
2024-04-28,regular,33.67,Ministerio de Energía y Minas
2024-04-28,superior,35.17,Ministerio de Energía y Minas
2024-04-29,bunker,20.19,Ministerio de Energía y Minas
2024-04-29,diésel,29.24,Ministerio de Energía y Minas
2024-04-29,regular,33.06,Ministerio de Energía y Minas
2024-04-29,superior,34.51,Ministerio de Energía y Minas
2024-04-30,bunker,20.19,Ministerio de Energía y Minas
2024-04-30,diésel,29.24,Ministerio de Energía y Minas
2024-04-30,regular,33.06,Ministerio de Energía y Minas
2024-04-30,superior,34.51,Ministerio de Energía y Minas
2024-05-01,bunker,20.19,Ministerio de Energía y Minas
2024-05-01,diésel,29.24,Ministerio de Energía y Minas
2024-05-01,regular,33.06,Ministerio de Energía y Minas
2024-05-01,superior,34.51,Ministerio de Energía y Minas
2024-05-02,bunker,20.19,Ministerio de Energía y Minas
2024-05-02,diésel,29.24,Ministerio de Energía y Minas
2024-05-02,regular,33.06,Ministerio de Energía y Minas
2024-05-02,superior,34.51,Ministerio de Energía y Minas
2024-05-03,bunker,20.19,Ministerio de Energía y Minas
2024-05-03,diésel,29.24,Ministerio de Energía y Minas
2024-05-03,regular,33.06,Ministerio de Energía y Minas
2024-05-03,superior,34.51,Ministerio de Energía y Minas
2024-05-04,bunker,20.19,Ministerio de Energía y Minas
2024-05-04,diésel,29.24,Ministerio de Energía y Minas
2024-05-04,regular,33.06,Ministerio de Energía y Minas
2024-05-04,superior,34.51,Ministerio de Energía y Minas
2024-05-05,bunker,20.19,Ministerio de Energía y Minas
2024-05-05,diésel,29.24,Ministerio de Energía y Minas
2024-05-05,regular,33.06,Ministerio de Energía y Minas
2024-05-05,superior,34.51,Ministerio de Energía y Minas
2024-05-06,bunker,21.69,Ministerio de Energía y Minas
2024-05-06,diésel,28.86,Ministerio de Energía y Minas
2024-05-06,regular,32.67,Ministerio de Energía y Minas
2024-05-06,superior,34.17,Ministerio de Energía y Minas
2024-05-07,bunker,21.69,Ministerio de Energía y Minas
2024-05-07,diésel,28.86,Ministerio de Energía y Minas
2024-05-07,regular,32.67,Ministerio de Energía y Minas
2024-05-07,superior,34.17,Ministerio de Energía y Minas
2024-05-08,bunker,21.69,Ministerio de Energía y Minas
2024-05-08,diésel,28.86,Ministerio de Energía y Minas
2024-05-08,regular,32.67,Ministerio de Energía y Minas
2024-05-08,superior,34.17,Ministerio de Energía y Minas
2024-05-09,bunker,21.69,Ministerio de Energía y Minas
2024-05-09,diésel,28.86,Ministerio de Energía y Minas
2024-05-09,regular,32.67,Ministerio de Energía y Minas
2024-05-09,superior,34.17,Ministerio de Energía y Minas
2024-05-10,bunker,21.69,Ministerio de Energía y Minas
2024-05-10,diésel,28.86,Ministerio de Energía y Minas
2024-05-10,regular,32.67,Ministerio de Energía y Minas
2024-05-10,superior,34.17,Ministerio de Energía y Minas
2024-05-11,bunker,21.69,Ministerio de Energía y Minas
2024-05-11,diésel,28.86,Ministerio de Energía y Minas
2024-05-11,regular,32.67,Ministerio de Energía y Minas
2024-05-11,superior,34.17,Ministerio de Energía y Minas
2024-05-12,bunker,21.69,Ministerio de Energía y Minas
2024-05-12,diésel,28.86,Ministerio de Energía y Minas
2024-05-12,regular,32.67,Ministerio de Energía y Minas
2024-05-12,superior,34.17,Ministerio de Energía y Minas
2024-05-13,bunker,21.69,Ministerio de Energía y Minas
2024-05-13,diésel,28.3,Ministerio de Energía y Minas
2024-05-13,regular,32.11,Ministerio de Energía y Minas
2024-05-13,superior,33.61,Ministerio de Energía y Minas
2024-05-14,bunker,21.69,Ministerio de Energía y Minas
2024-05-14,diésel,28.3,Ministerio de Energía y Minas
2024-05-14,regular,32.11,Ministerio de Energía y Minas
2024-05-14,superior,33.61,Ministerio de Energía y Minas
2024-05-15,bunker,21.69,Ministerio de Energía y Minas
2024-05-15,diésel,28.3,Ministerio de Energía y Minas
2024-05-15,regular,32.11,Ministerio de Energía y Minas
2024-05-15,superior,33.61,Ministerio de Energía y Minas
2024-05-16,bunker,21.69,Ministerio de Energía y Minas
2024-05-16,diésel,28.3,Ministerio de Energía y Minas
2024-05-16,regular,32.11,Ministerio de Energía y Minas
2024-05-16,superior,33.61,Ministerio de Energía y Minas
2024-05-17,bunker,21.69,Ministerio de Energía y Minas
2024-05-17,diésel,28.3,Ministerio de Energía y Minas
2024-05-17,regular,32.11,Ministerio de Energía y Minas
2024-05-17,superior,33.61,Ministerio de Energía y Minas
2024-05-18,bunker,21.69,Ministerio de Energía y Minas
2024-05-18,diésel,28.3,Ministerio de Energía y Minas
2024-05-18,regular,32.11,Ministerio de Energía y Minas
2024-05-18,superior,33.61,Ministerio de Energía y Minas
2024-05-19,bunker,21.69,Ministerio de Energía y Minas
2024-05-19,diésel,28.3,Ministerio de Energía y Minas
2024-05-19,regular,32.11,Ministerio de Energía y Minas
2024-05-19,superior,33.61,Ministerio de Energía y Minas
2024-05-20,bunker,21.69,Ministerio de Energía y Minas
2024-05-20,diésel,27.88,Ministerio de Energía y Minas
2024-05-20,regular,31.51,Ministerio de Energía y Minas
2024-05-20,superior,33.01,Ministerio de Energía y Minas
2024-05-21,bunker,21.69,Ministerio de Energía y Minas
2024-05-21,diésel,27.88,Ministerio de Energía y Minas
2024-05-21,regular,31.51,Ministerio de Energía y Minas
2024-05-21,superior,33.01,Ministerio de Energía y Minas
2024-05-22,bunker,21.69,Ministerio de Energía y Minas
2024-05-22,diésel,27.88,Ministerio de Energía y Minas
2024-05-22,regular,31.51,Ministerio de Energía y Minas
2024-05-22,superior,33.01,Ministerio de Energía y Minas
2024-05-23,bunker,21.69,Ministerio de Energía y Minas
2024-05-23,diésel,27.88,Ministerio de Energía y Minas
2024-05-23,regular,31.51,Ministerio de Energía y Minas
2024-05-23,superior,33.01,Ministerio de Energía y Minas
2024-05-24,bunker,21.69,Ministerio de Energía y Minas
2024-05-24,diésel,27.88,Ministerio de Energía y Minas
2024-05-24,regular,31.51,Ministerio de Energía y Minas
2024-05-24,superior,33.01,Ministerio de Energía y Minas
2024-05-25,bunker,21.69,Ministerio de Energía y Minas
2024-05-25,diésel,27.88,Ministerio de Energía y Minas
2024-05-25,regular,31.51,Ministerio de Energía y Minas
2024-05-25,superior,33.01,Ministerio de Energía y Minas
2024-05-26,bunker,21.69,Ministerio de Energía y Minas
2024-05-26,diésel,27.88,Ministerio de Energía y Minas
2024-05-26,regular,31.51,Ministerio de Energía y Minas
2024-05-26,superior,33.01,Ministerio de Energía y Minas
2024-05-27,bunker,21.69,Ministerio de Energía y Minas
2024-05-27,diésel,27.63,Ministerio de Energía y Minas
2024-05-27,regular,31.37,Ministerio de Energía y Minas
2024-05-27,superior,32.88,Ministerio de Energía y Minas
2024-05-28,bunker,21.69,Ministerio de Energía y Minas
2024-05-28,diésel,27.63,Ministerio de Energía y Minas
2024-05-28,regular,31.37,Ministerio de Energía y Minas
2024-05-28,superior,32.88,Ministerio de Energía y Minas
2024-05-29,bunker,21.69,Ministerio de Energía y Minas
2024-05-29,diésel,27.63,Ministerio de Energía y Minas
2024-05-29,regular,31.37,Ministerio de Energía y Minas
2024-05-29,superior,32.88,Ministerio de Energía y Minas
2024-05-30,bunker,21.69,Ministerio de Energía y Minas
2024-05-30,diésel,27.63,Ministerio de Energía y Minas
2024-05-30,regular,31.37,Ministerio de Energía y Minas
2024-05-30,superior,32.88,Ministerio de Energía y Minas
2024-05-31,bunker,21.69,Ministerio de Energía y Minas
2024-05-31,diésel,27.63,Ministerio de Energía y Minas
2024-05-31,regular,31.37,Ministerio de Energía y Minas
2024-05-31,superior,32.88,Ministerio de Energía y Minas
2024-06-01,bunker,21.69,Ministerio de Energía y Minas
2024-06-01,diésel,27.63,Ministerio de Energía y Minas
2024-06-01,regular,31.37,Ministerio de Energía y Minas
2024-06-01,superior,32.88,Ministerio de Energía y Minas
2024-06-02,bunker,21.69,Ministerio de Energía y Minas
2024-06-02,diésel,27.63,Ministerio de Energía y Minas
2024-06-02,regular,31.37,Ministerio de Energía y Minas
2024-06-02,superior,32.88,Ministerio de Energía y Minas
2024-06-03,bunker,21.69,Ministerio de Energía y Minas
2024-06-03,diésel,27.31,Ministerio de Energía y Minas
2024-06-03,regular,31.01,Ministerio de Energía y Minas
2024-06-03,superior,32.51,Ministerio de Energía y Minas
2024-06-04,bunker,21.69,Ministerio de Energía y Minas
2024-06-04,diésel,27.31,Ministerio de Energía y Minas
2024-06-04,regular,31.01,Ministerio de Energía y Minas
2024-06-04,superior,32.51,Ministerio de Energía y Minas
2024-06-05,bunker,21.69,Ministerio de Energía y Minas
2024-06-05,diésel,27.31,Ministerio de Energía y Minas
2024-06-05,regular,31.01,Ministerio de Energía y Minas
2024-06-05,superior,32.51,Ministerio de Energía y Minas
2024-06-06,bunker,21.69,Ministerio de Energía y Minas
2024-06-06,diésel,27.31,Ministerio de Energía y Minas
2024-06-06,regular,31.01,Ministerio de Energía y Minas
2024-06-06,superior,32.51,Ministerio de Energía y Minas
2024-06-07,bunker,21.69,Ministerio de Energía y Minas
2024-06-07,diésel,27.31,Ministerio de Energía y Minas
2024-06-07,regular,31.01,Ministerio de Energía y Minas
2024-06-07,superior,32.51,Ministerio de Energía y Minas
2024-06-08,bunker,21.69,Ministerio de Energía y Minas
2024-06-08,diésel,27.31,Ministerio de Energía y Minas
2024-06-08,regular,31.01,Ministerio de Energía y Minas
2024-06-08,superior,32.51,Ministerio de Energía y Minas
2024-06-09,bunker,21.69,Ministerio de Energía y Minas
2024-06-09,diésel,27.31,Ministerio de Energía y Minas
2024-06-09,regular,31.01,Ministerio de Energía y Minas
2024-06-09,superior,32.51,Ministerio de Energía y Minas
2024-06-10,bunker,21.19,Ministerio de Energía y Minas
2024-06-10,diésel,27.18,Ministerio de Energía y Minas
2024-06-10,regular,30.88,Ministerio de Energía y Minas
2024-06-10,superior,32.38,Ministerio de Energía y Minas
2024-06-11,bunker,21.19,Ministerio de Energía y Minas
2024-06-11,diésel,27.18,Ministerio de Energía y Minas
2024-06-11,regular,30.88,Ministerio de Energía y Minas
2024-06-11,superior,32.38,Ministerio de Energía y Minas
2024-06-12,bunker,21.19,Ministerio de Energía y Minas
2024-06-12,diésel,27.18,Ministerio de Energía y Minas
2024-06-12,regular,30.88,Ministerio de Energía y Minas
2024-06-12,superior,32.38,Ministerio de Energía y Minas
2024-06-13,bunker,21.19,Ministerio de Energía y Minas
2024-06-13,diésel,27.18,Ministerio de Energía y Minas
2024-06-13,regular,30.88,Ministerio de Energía y Minas
2024-06-13,superior,32.38,Ministerio de Energía y Minas
2024-06-14,bunker,21.19,Ministerio de Energía y Minas
2024-06-14,diésel,27.18,Ministerio de Energía y Minas
2024-06-14,regular,30.88,Ministerio de Energía y Minas
2024-06-14,superior,32.38,Ministerio de Energía y Minas
2024-06-15,bunker,21.19,Ministerio de Energía y Minas
2024-06-15,diésel,27.18,Ministerio de Energía y Minas
2024-06-15,regular,30.88,Ministerio de Energía y Minas
2024-06-15,superior,32.38,Ministerio de Energía y Minas
2024-06-16,bunker,20.19,Ministerio de Energía y Minas
2024-06-16,diésel,27.18,Ministerio de Energía y Minas
2024-06-16,regular,30.88,Ministerio de Energía y Minas
2024-06-16,superior,32.38,Ministerio de Energía y Minas
2024-06-17,bunker,20.19,Ministerio de Energía y Minas
2024-06-17,diésel,27.56,Ministerio de Energía y Minas
2024-06-17,regular,30.88,Ministerio de Energía y Minas
2024-06-17,superior,32.38,Ministerio de Energía y Minas
2024-06-18,bunker,20.19,Ministerio de Energía y Minas
2024-06-18,diésel,27.56,Ministerio de Energía y Minas
2024-06-18,regular,30.88,Ministerio de Energía y Minas
2024-06-18,superior,32.38,Ministerio de Energía y Minas
2024-06-19,bunker,20.19,Ministerio de Energía y Minas
2024-06-19,diésel,27.56,Ministerio de Energía y Minas
2024-06-19,regular,30.88,Ministerio de Energía y Minas
2024-06-19,superior,32.38,Ministerio de Energía y Minas
2024-06-20,bunker,20.19,Ministerio de Energía y Minas
2024-06-20,diésel,27.56,Ministerio de Energía y Minas
2024-06-20,regular,30.88,Ministerio de Energía y Minas
2024-06-20,superior,32.38,Ministerio de Energía y Minas
2024-06-21,bunker,20.19,Ministerio de Energía y Minas
2024-06-21,diésel,27.56,Ministerio de Energía y Minas
2024-06-21,regular,30.88,Ministerio de Energía y Minas
2024-06-21,superior,32.38,Ministerio de Energía y Minas
2024-06-22,bunker,20.19,Ministerio de Energía y Minas
2024-06-22,diésel,27.56,Ministerio de Energía y Minas
2024-06-22,regular,30.88,Ministerio de Energía y Minas
2024-06-22,superior,32.38,Ministerio de Energía y Minas
2024-06-23,bunker,20.19,Ministerio de Energía y Minas
2024-06-23,diésel,27.56,Ministerio de Energía y Minas
2024-06-23,regular,30.88,Ministerio de Energía y Minas
2024-06-23,superior,32.38,Ministerio de Energía y Minas
2024-06-24,diésel,27.68,Ministerio de Energía y Minas
2024-06-24,regular,30.91,Ministerio de Energía y Minas
2024-06-24,superior,32.4,Ministerio de Energía y Minas
2024-06-25,diésel,27.68,Ministerio de Energía y Minas
2024-06-25,regular,30.91,Ministerio de Energía y Minas
2024-06-25,superior,32.4,Ministerio de Energía y Minas
2024-06-26,diésel,27.68,Ministerio de Energía y Minas
2024-06-26,regular,30.91,Ministerio de Energía y Minas
2024-06-26,superior,32.4,Ministerio de Energía y Minas
2024-06-27,diésel,27.68,Ministerio de Energía y Minas
2024-06-27,regular,30.91,Ministerio de Energía y Minas
2024-06-27,superior,32.4,Ministerio de Energía y Minas
2024-06-28,diésel,27.68,Ministerio de Energía y Minas
2024-06-28,regular,30.91,Ministerio de Energía y Minas
2024-06-28,superior,32.4,Ministerio de Energía y Minas
2024-06-29,diésel,27.68,Ministerio de Energía y Minas
2024-06-29,regular,30.91,Ministerio de Energía y Minas
2024-06-29,superior,32.4,Ministerio de Energía y Minas
2024-06-30,diésel,27.68,Ministerio de Energía y Minas
2024-06-30,regular,30.91,Ministerio de Energía y Minas
2024-06-30,superior,32.4,Ministerio de Energía y Minas
2024-07-01,diésel,27.68,Ministerio de Energía y Minas
2024-07-01,regular,30.91,Ministerio de Energía y Minas
2024-07-01,superior,32.4,Ministerio de Energía y Minas
2024-07-02,diésel,27.68,Ministerio de Energía y Minas
2024-07-02,regular,30.91,Ministerio de Energía y Minas
2024-07-02,superior,32.4,Ministerio de Energía y Minas
2024-07-03,diésel,28.53,Ministerio de Energía y Minas
2024-07-03,regular,31.17,Ministerio de Energía y Minas
2024-07-03,superior,32.67,Ministerio de Energía y Minas
2024-07-04,diésel,28.53,Ministerio de Energía y Minas
2024-07-04,regular,31.17,Ministerio de Energía y Minas
2024-07-04,superior,32.67,Ministerio de Energía y Minas
2024-07-05,diésel,28.53,Ministerio de Energía y Minas
2024-07-05,regular,31.17,Ministerio de Energía y Minas
2024-07-05,superior,32.67,Ministerio de Energía y Minas
2024-07-06,diésel,28.53,Ministerio de Energía y Minas
2024-07-06,regular,31.17,Ministerio de Energía y Minas
2024-07-06,superior,32.67,Ministerio de Energía y Minas
2024-07-07,diésel,28.53,Ministerio de Energía y Minas
2024-07-07,regular,31.17,Ministerio de Energía y Minas
2024-07-07,superior,32.67,Ministerio de Energía y Minas
2024-07-08,diésel,28.16,Ministerio de Energía y Minas
2024-07-08,regular,31.17,Ministerio de Energía y Minas
2024-07-08,superior,32.68,Ministerio de Energía y Minas
2024-07-09,diésel,28.16,Ministerio de Energía y Minas
2024-07-09,regular,31.17,Ministerio de Energía y Minas
2024-07-09,superior,32.68,Ministerio de Energía y Minas
2024-07-10,diésel,28.16,Ministerio de Energía y Minas
2024-07-10,regular,31.17,Ministerio de Energía y Minas
2024-07-10,superior,32.68,Ministerio de Energía y Minas
2024-07-11,diésel,28.16,Ministerio de Energía y Minas
2024-07-11,regular,31.17,Ministerio de Energía y Minas
2024-07-11,superior,32.68,Ministerio de Energía y Minas
2024-07-12,diésel,28.16,Ministerio de Energía y Minas
2024-07-12,regular,31.17,Ministerio de Energía y Minas
2024-07-12,superior,32.68,Ministerio de Energía y Minas
2024-07-13,diésel,28.16,Ministerio de Energía y Minas
2024-07-13,regular,31.17,Ministerio de Energía y Minas
2024-07-13,superior,32.68,Ministerio de Energía y Minas
2024-07-14,diésel,28.16,Ministerio de Energía y Minas
2024-07-14,regular,31.17,Ministerio de Energía y Minas
2024-07-14,superior,32.68,Ministerio de Energía y Minas
2024-07-15,diésel,28.55,Ministerio de Energía y Minas
2024-07-15,regular,31.73,Ministerio de Energía y Minas
2024-07-15,superior,33.23,Ministerio de Energía y Minas
2024-07-16,diésel,28.55,Ministerio de Energía y Minas
2024-07-16,regular,31.73,Ministerio de Energía y Minas
2024-07-16,superior,33.23,Ministerio de Energía y Minas
2024-07-17,diésel,28.55,Ministerio de Energía y Minas
2024-07-17,regular,31.73,Ministerio de Energía y Minas
2024-07-17,superior,33.23,Ministerio de Energía y Minas
2024-07-18,diésel,28.55,Ministerio de Energía y Minas
2024-07-18,regular,31.73,Ministerio de Energía y Minas
2024-07-18,superior,33.23,Ministerio de Energía y Minas
2024-07-19,diésel,28.55,Ministerio de Energía y Minas
2024-07-19,regular,31.73,Ministerio de Energía y Minas
2024-07-19,superior,33.23,Ministerio de Energía y Minas
2024-07-20,diésel,28.55,Ministerio de Energía y Minas
2024-07-20,regular,31.73,Ministerio de Energía y Minas
2024-07-20,superior,33.23,Ministerio de Energía y Minas
2024-07-21,diésel,28.55,Ministerio de Energía y Minas
2024-07-21,regular,31.73,Ministerio de Energía y Minas
2024-07-21,superior,33.23,Ministerio de Energía y Minas
2024-07-22,diésel,28.09,Ministerio de Energía y Minas
2024-07-22,regular,31.29,Ministerio de Energía y Minas
2024-07-22,superior,32.79,Ministerio de Energía y Minas
2024-07-23,diésel,28.09,Ministerio de Energía y Minas
2024-07-23,regular,31.29,Ministerio de Energía y Minas
2024-07-23,superior,32.79,Ministerio de Energía y Minas
2024-07-24,diésel,28.09,Ministerio de Energía y Minas
2024-07-24,regular,31.29,Ministerio de Energía y Minas
2024-07-24,superior,32.79,Ministerio de Energía y Minas
2024-07-25,diésel,28.09,Ministerio de Energía y Minas
2024-07-25,regular,31.29,Ministerio de Energía y Minas
2024-07-25,superior,32.79,Ministerio de Energía y Minas
2024-07-26,diésel,28.09,Ministerio de Energía y Minas
2024-07-26,regular,31.29,Ministerio de Energía y Minas
2024-07-26,superior,32.79,Ministerio de Energía y Minas
2024-07-27,diésel,28.09,Ministerio de Energía y Minas
2024-07-27,regular,31.29,Ministerio de Energía y Minas
2024-07-27,superior,32.79,Ministerio de Energía y Minas
2024-07-28,diésel,28.09,Ministerio de Energía y Minas
2024-07-28,regular,31.29,Ministerio de Energía y Minas
2024-07-28,superior,32.79,Ministerio de Energía y Minas
2024-07-29,diésel,27.93,Ministerio de Energía y Minas
2024-07-29,regular,31.13,Ministerio de Energía y Minas
2024-07-29,superior,32.63,Ministerio de Energía y Minas
2024-07-30,diésel,27.93,Ministerio de Energía y Minas
2024-07-30,regular,31.13,Ministerio de Energía y Minas
2024-07-30,superior,32.63,Ministerio de Energía y Minas
2024-07-31,diésel,27.93,Ministerio de Energía y Minas
2024-07-31,regular,31.13,Ministerio de Energía y Minas
2024-07-31,superior,32.63,Ministerio de Energía y Minas
2024-08-01,diésel,27.93,Ministerio de Energía y Minas
2024-08-01,regular,31.13,Ministerio de Energía y Minas
2024-08-01,superior,32.63,Ministerio de Energía y Minas
2024-08-02,diésel,27.93,Ministerio de Energía y Minas
2024-08-02,regular,31.13,Ministerio de Energía y Minas
2024-08-02,superior,32.63,Ministerio de Energía y Minas
2024-08-03,diésel,27.93,Ministerio de Energía y Minas
2024-08-03,regular,31.13,Ministerio de Energía y Minas
2024-08-03,superior,32.63,Ministerio de Energía y Minas
2024-08-04,diésel,27.93,Ministerio de Energía y Minas
2024-08-04,regular,31.13,Ministerio de Energía y Minas
2024-08-04,superior,32.63,Ministerio de Energía y Minas
2024-08-05,diésel,27.8,Ministerio de Energía y Minas
2024-08-05,regular,31.14,Ministerio de Energía y Minas
2024-08-05,superior,32.65,Ministerio de Energía y Minas
2024-08-06,diésel,27.8,Ministerio de Energía y Minas
2024-08-06,regular,31.14,Ministerio de Energía y Minas
2024-08-06,superior,32.65,Ministerio de Energía y Minas
2024-08-07,diésel,27.8,Ministerio de Energía y Minas
2024-08-07,regular,31.14,Ministerio de Energía y Minas
2024-08-07,superior,32.65,Ministerio de Energía y Minas
2024-08-08,diésel,27.8,Ministerio de Energía y Minas
2024-08-08,regular,31.14,Ministerio de Energía y Minas
2024-08-08,superior,32.65,Ministerio de Energía y Minas
2024-08-09,diésel,27.8,Ministerio de Energía y Minas
2024-08-09,regular,31.14,Ministerio de Energía y Minas
2024-08-09,superior,32.65,Ministerio de Energía y Minas
2024-08-10,diésel,27.8,Ministerio de Energía y Minas
2024-08-10,regular,31.14,Ministerio de Energía y Minas
2024-08-10,superior,32.65,Ministerio de Energía y Minas
2024-08-11,diésel,27.8,Ministerio de Energía y Minas
2024-08-11,regular,31.14,Ministerio de Energía y Minas
2024-08-11,superior,32.65,Ministerio de Energía y Minas
2024-08-12,diésel,27.34,Ministerio de Energía y Minas
2024-08-12,regular,31.41,Ministerio de Energía y Minas
2024-08-12,superior,32.9,Ministerio de Energía y Minas
2024-08-13,diésel,27.34,Ministerio de Energía y Minas
2024-08-13,regular,31.41,Ministerio de Energía y Minas
2024-08-13,superior,32.9,Ministerio de Energía y Minas
2024-08-14,diésel,27.34,Ministerio de Energía y Minas
2024-08-14,regular,31.41,Ministerio de Energía y Minas
2024-08-14,superior,32.9,Ministerio de Energía y Minas
2024-08-15,diésel,27.34,Ministerio de Energía y Minas
2024-08-15,regular,31.41,Ministerio de Energía y Minas
2024-08-15,superior,32.9,Ministerio de Energía y Minas
2024-08-16,diésel,27.34,Ministerio de Energía y Minas
2024-08-16,regular,31.41,Ministerio de Energía y Minas
2024-08-16,superior,32.9,Ministerio de Energía y Minas
2024-08-17,diésel,27.34,Ministerio de Energía y Minas
2024-08-17,regular,31.41,Ministerio de Energía y Minas
2024-08-17,superior,32.9,Ministerio de Energía y Minas
2024-08-18,diésel,27.34,Ministerio de Energía y Minas
2024-08-18,regular,31.41,Ministerio de Energía y Minas
2024-08-18,superior,32.9,Ministerio de Energía y Minas
2024-08-19,diésel,27.31,Ministerio de Energía y Minas
2024-08-19,regular,31.46,Ministerio de Energía y Minas
2024-08-19,superior,32.96,Ministerio de Energía y Minas
2024-08-20,diésel,27.31,Ministerio de Energía y Minas
2024-08-20,regular,31.46,Ministerio de Energía y Minas
2024-08-20,superior,32.96,Ministerio de Energía y Minas
2024-08-21,diésel,27.31,Ministerio de Energía y Minas
2024-08-21,regular,31.46,Ministerio de Energía y Minas
2024-08-21,superior,32.96,Ministerio de Energía y Minas
2024-08-22,diésel,27.31,Ministerio de Energía y Minas
2024-08-22,regular,31.46,Ministerio de Energía y Minas
2024-08-22,superior,32.96,Ministerio de Energía y Minas
2024-08-23,diésel,27.31,Ministerio de Energía y Minas
2024-08-23,regular,31.46,Ministerio de Energía y Minas
2024-08-23,superior,32.96,Ministerio de Energía y Minas
2024-08-24,diésel,27.31,Ministerio de Energía y Minas
2024-08-24,regular,31.46,Ministerio de Energía y Minas
2024-08-24,superior,32.96,Ministerio de Energía y Minas
2024-08-25,diésel,27.31,Ministerio de Energía y Minas
2024-08-25,regular,31.46,Ministerio de Energía y Minas
2024-08-25,superior,32.96,Ministerio de Energía y Minas
2024-08-26,diésel,27.24,Ministerio de Energía y Minas
2024-08-26,regular,30.78,Ministerio de Energía y Minas
2024-08-26,superior,32.28,Ministerio de Energía y Minas
2024-08-27,diésel,27.24,Ministerio de Energía y Minas
2024-08-27,regular,30.78,Ministerio de Energía y Minas
2024-08-27,superior,32.28,Ministerio de Energía y Minas
2024-08-28,diésel,27.24,Ministerio de Energía y Minas
2024-08-28,regular,30.78,Ministerio de Energía y Minas
2024-08-28,superior,32.28,Ministerio de Energía y Minas
2024-08-29,diésel,27.24,Ministerio de Energía y Minas
2024-08-29,regular,30.78,Ministerio de Energía y Minas
2024-08-29,superior,32.28,Ministerio de Energía y Minas
2024-08-30,diésel,27.24,Ministerio de Energía y Minas
2024-08-30,regular,30.78,Ministerio de Energía y Minas
2024-08-30,superior,32.28,Ministerio de Energía y Minas
2024-08-31,diésel,27.24,Ministerio de Energía y Minas
2024-08-31,regular,30.78,Ministerio de Energía y Minas
2024-08-31,superior,32.28,Ministerio de Energía y Minas
2024-09-01,diésel,27.24,Ministerio de Energía y Minas
2024-09-01,regular,30.78,Ministerio de Energía y Minas
2024-09-01,superior,32.28,Ministerio de Energía y Minas
2024-09-02,diésel,27.2,Ministerio de Energía y Minas
2024-09-02,regular,30.21,Ministerio de Energía y Minas
2024-09-02,superior,31.71,Ministerio de Energía y Minas
2024-09-03,diésel,27.2,Ministerio de Energía y Minas
2024-09-03,regular,30.21,Ministerio de Energía y Minas
2024-09-03,superior,31.71,Ministerio de Energía y Minas
2024-09-04,diésel,27.2,Ministerio de Energía y Minas
2024-09-04,regular,30.21,Ministerio de Energía y Minas
2024-09-04,superior,31.71,Ministerio de Energía y Minas
2024-09-05,diésel,27.2,Ministerio de Energía y Minas
2024-09-05,regular,30.21,Ministerio de Energía y Minas
2024-09-05,superior,31.71,Ministerio de Energía y Minas
2024-09-06,diésel,27.2,Ministerio de Energía y Minas
2024-09-06,regular,30.21,Ministerio de Energía y Minas
2024-09-06,superior,31.71,Ministerio de Energía y Minas
2024-09-07,diésel,27.2,Ministerio de Energía y Minas
2024-09-07,regular,30.21,Ministerio de Energía y Minas
2024-09-07,superior,31.71,Ministerio de Energía y Minas
2024-09-08,diésel,27.2,Ministerio de Energía y Minas
2024-09-08,regular,30.21,Ministerio de Energía y Minas
2024-09-08,superior,31.71,Ministerio de Energía y Minas
2024-09-09,diésel,26.91,Ministerio de Energía y Minas
2024-09-09,regular,29.68,Ministerio de Energía y Minas
2024-09-09,superior,31.18,Ministerio de Energía y Minas
2024-09-10,diésel,26.91,Ministerio de Energía y Minas
2024-09-10,regular,29.68,Ministerio de Energía y Minas
2024-09-10,superior,31.18,Ministerio de Energía y Minas
2024-09-11,diésel,26.91,Ministerio de Energía y Minas
2024-09-11,regular,29.68,Ministerio de Energía y Minas
2024-09-11,superior,31.18,Ministerio de Energía y Minas
2024-09-12,diésel,26.91,Ministerio de Energía y Minas
2024-09-12,regular,29.68,Ministerio de Energía y Minas
2024-09-12,superior,31.18,Ministerio de Energía y Minas
2024-09-13,diésel,26.91,Ministerio de Energía y Minas
2024-09-13,regular,29.68,Ministerio de Energía y Minas
2024-09-13,superior,31.18,Ministerio de Energía y Minas
2024-09-14,diésel,26.91,Ministerio de Energía y Minas
2024-09-14,regular,29.68,Ministerio de Energía y Minas
2024-09-14,superior,31.18,Ministerio de Energía y Minas
2024-09-15,diésel,26.91,Ministerio de Energía y Minas
2024-09-15,regular,29.68,Ministerio de Energía y Minas
2024-09-15,superior,31.18,Ministerio de Energía y Minas
2024-09-16,diésel,26.91,Ministerio de Energía y Minas
2024-09-16,regular,29.68,Ministerio de Energía y Minas
2024-09-16,superior,31.18,Ministerio de Energía y Minas
2024-09-17,diésel,25.98,Ministerio de Energía y Minas
2024-09-17,regular,28.51,Ministerio de Energía y Minas
2024-09-17,superior,30.01,Ministerio de Energía y Minas
2024-09-18,diésel,25.98,Ministerio de Energía y Minas
2024-09-18,regular,28.51,Ministerio de Energía y Minas
2024-09-18,superior,30.01,Ministerio de Energía y Minas
2024-09-19,diésel,25.98,Ministerio de Energía y Minas
2024-09-19,regular,28.51,Ministerio de Energía y Minas
2024-09-19,superior,30.01,Ministerio de Energía y Minas
2024-09-20,diésel,25.98,Ministerio de Energía y Minas
2024-09-20,regular,28.51,Ministerio de Energía y Minas
2024-09-20,superior,30.01,Ministerio de Energía y Minas
2024-09-21,diésel,25.98,Ministerio de Energía y Minas
2024-09-21,regular,28.51,Ministerio de Energía y Minas
2024-09-21,superior,30.01,Ministerio de Energía y Minas
2024-09-22,diésel,25.98,Ministerio de Energía y Minas
2024-09-22,regular,28.51,Ministerio de Energía y Minas
2024-09-22,superior,30.01,Ministerio de Energía y Minas
2024-09-23,diésel,25.5,Ministerio de Energía y Minas
2024-09-23,regular,27.99,Ministerio de Energía y Minas
2024-09-23,superior,29.51,Ministerio de Energía y Minas
2024-09-24,diésel,25.5,Ministerio de Energía y Minas
2024-09-24,regular,27.99,Ministerio de Energía y Minas
2024-09-24,superior,29.51,Ministerio de Energía y Minas
2024-09-25,diésel,25.5,Ministerio de Energía y Minas
2024-09-25,regular,27.99,Ministerio de Energía y Minas
2024-09-25,superior,29.51,Ministerio de Energía y Minas
2024-09-26,diésel,25.5,Ministerio de Energía y Minas
2024-09-26,regular,27.99,Ministerio de Energía y Minas
2024-09-26,superior,29.51,Ministerio de Energía y Minas
2024-09-27,diésel,25.5,Ministerio de Energía y Minas
2024-09-27,regular,27.99,Ministerio de Energía y Minas
2024-09-27,superior,29.51,Ministerio de Energía y Minas
2024-09-28,diésel,25.5,Ministerio de Energía y Minas
2024-09-28,regular,27.99,Ministerio de Energía y Minas
2024-09-28,superior,29.51,Ministerio de Energía y Minas
2024-09-29,diésel,25.5,Ministerio de Energía y Minas
2024-09-29,regular,27.99,Ministerio de Energía y Minas
2024-09-29,superior,29.51,Ministerio de Energía y Minas
2024-09-30,diésel,25.5,Ministerio de Energía y Minas
2024-09-30,regular,25.0,Ministerio de Energía y Minas
2024-09-30,superior,29.5,Ministerio de Energía y Minas
2024-10-01,diésel,25.5,Ministerio de Energía y Minas
2024-10-01,regular,25.0,Ministerio de Energía y Minas
2024-10-01,superior,29.5,Ministerio de Energía y Minas
2024-10-02,diésel,25.5,Ministerio de Energía y Minas
2024-10-02,regular,25.0,Ministerio de Energía y Minas
2024-10-02,superior,29.5,Ministerio de Energía y Minas
2024-10-03,diésel,25.5,Ministerio de Energía y Minas
2024-10-03,regular,25.0,Ministerio de Energía y Minas
2024-10-03,superior,29.5,Ministerio de Energía y Minas
2024-10-04,diésel,25.5,Ministerio de Energía y Minas
2024-10-04,regular,25.0,Ministerio de Energía y Minas
2024-10-04,superior,29.5,Ministerio de Energía y Minas
2024-10-05,diésel,25.5,Ministerio de Energía y Minas
2024-10-05,regular,25.0,Ministerio de Energía y Minas
2024-10-05,superior,29.5,Ministerio de Energía y Minas
2024-10-06,diésel,25.5,Ministerio de Energía y Minas
2024-10-06,regular,25.0,Ministerio de Energía y Minas
2024-10-06,superior,29.5,Ministerio de Energía y Minas
2024-10-07,diésel,25.43,Ministerio de Energía y Minas
2024-10-07,regular,27.66,Ministerio de Energía y Minas
2024-10-07,superior,29.16,Ministerio de Energía y Minas
2024-10-08,diésel,25.43,Ministerio de Energía y Minas
2024-10-08,regular,27.66,Ministerio de Energía y Minas
2024-10-08,superior,29.16,Ministerio de Energía y Minas
2024-10-09,diésel,25.43,Ministerio de Energía y Minas
2024-10-09,regular,27.66,Ministerio de Energía y Minas
2024-10-09,superior,29.16,Ministerio de Energía y Minas
2024-10-10,diésel,25.43,Ministerio de Energía y Minas
2024-10-10,regular,27.66,Ministerio de Energía y Minas
2024-10-10,superior,29.16,Ministerio de Energía y Minas
2024-10-11,diésel,25.43,Ministerio de Energía y Minas
2024-10-11,regular,27.66,Ministerio de Energía y Minas
2024-10-11,superior,29.16,Ministerio de Energía y Minas
2024-10-12,diésel,25.43,Ministerio de Energía y Minas
2024-10-12,regular,27.66,Ministerio de Energía y Minas
2024-10-12,superior,29.16,Ministerio de Energía y Minas
2024-10-13,diésel,25.43,Ministerio de Energía y Minas
2024-10-13,regular,27.66,Ministerio de Energía y Minas
2024-10-13,superior,29.16,Ministerio de Energía y Minas
2024-10-14,diésel,26.77,Ministerio de Energía y Minas
2024-10-14,regular,29.01,Ministerio de Energía y Minas
2024-10-14,superior,30.48,Ministerio de Energía y Minas
2024-10-15,diésel,26.77,Ministerio de Energía y Minas
2024-10-15,regular,29.01,Ministerio de Energía y Minas
2024-10-15,superior,30.48,Ministerio de Energía y Minas
2024-10-16,diésel,26.77,Ministerio de Energía y Minas
2024-10-16,regular,29.01,Ministerio de Energía y Minas
2024-10-16,superior,30.48,Ministerio de Energía y Minas
2024-10-17,diésel,26.77,Ministerio de Energía y Minas
2024-10-17,regular,29.01,Ministerio de Energía y Minas
2024-10-17,superior,30.48,Ministerio de Energía y Minas
2024-10-18,diésel,26.77,Ministerio de Energía y Minas
2024-10-18,regular,29.01,Ministerio de Energía y Minas
2024-10-18,superior,30.48,Ministerio de Energía y Minas
2024-10-19,diésel,26.77,Ministerio de Energía y Minas
2024-10-19,regular,29.01,Ministerio de Energía y Minas
2024-10-19,superior,30.48,Ministerio de Energía y Minas
2024-10-20,diésel,26.77,Ministerio de Energía y Minas
2024-10-20,regular,29.01,Ministerio de Energía y Minas
2024-10-20,superior,30.48,Ministerio de Energía y Minas
2024-10-21,diésel,26.77,Ministerio de Energía y Minas
2024-10-21,regular,29.01,Ministerio de Energía y Minas
2024-10-21,superior,30.48,Ministerio de Energía y Minas
2024-10-22,diésel,26.39,Ministerio de Energía y Minas
2024-10-22,regular,28.62,Ministerio de Energía y Minas
2024-10-22,superior,30.11,Ministerio de Energía y Minas
2024-10-23,diésel,26.39,Ministerio de Energía y Minas
2024-10-23,regular,28.62,Ministerio de Energía y Minas
2024-10-23,superior,30.11,Ministerio de Energía y Minas
2024-10-24,diésel,26.39,Ministerio de Energía y Minas
2024-10-24,regular,28.62,Ministerio de Energía y Minas
2024-10-24,superior,30.11,Ministerio de Energía y Minas
2024-10-25,diésel,26.39,Ministerio de Energía y Minas
2024-10-25,regular,28.62,Ministerio de Energía y Minas
2024-10-25,superior,30.11,Ministerio de Energía y Minas
2024-10-26,diésel,26.39,Ministerio de Energía y Minas
2024-10-26,regular,28.62,Ministerio de Energía y Minas
2024-10-26,superior,30.11,Ministerio de Energía y Minas
2024-10-27,diésel,26.39,Ministerio de Energía y Minas
2024-10-27,regular,28.62,Ministerio de Energía y Minas
2024-10-27,superior,30.11,Ministerio de Energía y Minas
2026-03-05,regular,29.53,Chapin TV
2026-03-05,superior,30.54,Chapin TV
2026-09-05,diésel,46.39,Chapin TV
2026-09-05,regular,41.09,Chapin TV
2026-09-05,superior,43.09,Chapin TV
2026-09-15,regular,42.0,MEM
2026-09-15,superior,44.0,MEM
2026-09-16,diésel,49.36,MEM
2026-09-16,regular,42.58,MEM
2026-09-16,superior,44.66,MEM
2026-09-17,diésel,49.36,MEM
2026-09-17,regular,42.58,MEM
2026-09-17,superior,44.66,MEM
2026-09-18,diésel,49.36,MEM
2026-09-18,regular,42.58,MEM
2026-09-18,superior,44.66,MEM
2026-09-19,diésel,49.36,MEM
2026-09-19,regular,42.58,MEM
2026-09-19,superior,44.66,MEM
2026-09-20,diésel,49.36,MEM
2026-09-20,regular,42.58,MEM
2026-09-20,superior,44.66,MEM
2026-09-21,diésel,49.4,MEM
2026-09-21,regular,42.58,MEM
2026-09-21,superior,44.61,MEM
2026-09-22,diésel,49.4,MEM
2026-09-22,regular,42.58,MEM
2026-09-22,superior,44.61,MEM
2026-09-23,diésel,49.4,MEM
2026-09-23,regular,43.29,MEM
2026-09-23,superior,45.29,MEM
2026-09-23,wti,91.27,OilPriceAPI
2026-09-24,diésel,49.4,MEM
2026-09-24,regular,43.29,MEM
2026-09-24,superior,45.29,MEM
2026-09-24,wti,71.45,OilPriceAPI
2026-09-25,wti,93.56,OilPriceAPI
